tag,count,url
450k,34,https://support.bioconductor.org/tag/450k/
8x60k,60,https://support.bioconductor.org/tag/8x60k/
a4,23,https://support.bioconductor.org/tag/a4/
abarray,12,https://support.bioconductor.org/tag/abarray/
acgh,77,https://support.bioconductor.org/tag/acgh/
adjusted pvalue,13,https://support.bioconductor.org/tag/adjusted%20pvalue/
affxparser,36,https://support.bioconductor.org/tag/affxparser/
affy,1810,https://support.bioconductor.org/tag/affy/
affycomp,31,https://support.bioconductor.org/tag/affycomp/
affycoretools,49,https://support.bioconductor.org/tag/affycoretools/
affydata,42,https://support.bioconductor.org/tag/affydata/
affyio,106,https://support.bioconductor.org/tag/affyio/
affylmgui,92,https://support.bioconductor.org/tag/affylmgui/
affymetrix,37,https://support.bioconductor.org/tag/affymetrix/
affymetrix microarrays,65,https://support.bioconductor.org/tag/affymetrix%20microarrays/
affymetrixchip,29,https://support.bioconductor.org/tag/affymetrixchip/
affyplm,93,https://support.bioconductor.org/tag/affyplm/
affyqcreport,30,https://support.bioconductor.org/tag/affyqcreport/
agi4x44preprocess,44,https://support.bioconductor.org/tag/agi4x44preprocess/
agilent microarrays,23,https://support.bioconductor.org/tag/agilent%20microarrays/
agimicrorna,36,https://support.bioconductor.org/tag/agimicrorna/
align,10,https://support.bioconductor.org/tag/align/
alignment,215,https://support.bioconductor.org/tag/alignment/
all,11,https://support.bioconductor.org/tag/all/
altcdfenvs,12,https://support.bioconductor.org/tag/altcdfenvs/
analysis,17,https://support.bioconductor.org/tag/analysis/
annaffy,72,https://support.bioconductor.org/tag/annaffy/
annbuilder,145,https://support.bioconductor.org/tag/annbuilder/
annotate,349,https://support.bioconductor.org/tag/annotate/
annotation,1986,https://support.bioconductor.org/tag/annotation/
annotationdata,38,https://support.bioconductor.org/tag/annotationdata/
annotationdbi,200,https://support.bioconductor.org/tag/annotationdbi/
annotationforge,65,https://support.bioconductor.org/tag/annotationforge/
annotationhub,135,https://support.bioconductor.org/tag/annotationhub/
annotationtools,10,https://support.bioconductor.org/tag/annotationtools/
annotatr,15,https://support.bioconductor.org/tag/annotatr/
anova,32,https://support.bioconductor.org/tag/anova/
apeglm,46,https://support.bioconductor.org/tag/apeglm/
arabidopsis thaliana,23,https://support.bioconductor.org/tag/arabidopsis%20thaliana/
arrayexpress,103,https://support.bioconductor.org/tag/arrayexpress/
arrayquality,23,https://support.bioconductor.org/tag/arrayquality/
arrayqualitymetrics,101,https://support.bioconductor.org/tag/arrayqualitymetrics/
arrayweights,10,https://support.bioconductor.org/tag/arrayweights/
aspli,21,https://support.bioconductor.org/tag/aspli/
assign,124,https://support.bioconductor.org/tag/assign/
atac,17,https://support.bioconductor.org/tag/atac/
atac-seq,43,https://support.bioconductor.org/tag/atac-seq/
atacseq,48,https://support.bioconductor.org/tag/atacseq/
atacseqqc,35,https://support.bioconductor.org/tag/atacseqqc/
ath1121501,25,https://support.bioconductor.org/tag/ath1121501/
australia,13,https://support.bioconductor.org/tag/australia/
awards,27,https://support.bioconductor.org/tag/awards/
ballgown,76,https://support.bioconductor.org/tag/ballgown/
bam,53,https://support.bioconductor.org/tag/bam/
batch,23,https://support.bioconductor.org/tag/batch/
batch effect,126,https://support.bioconductor.org/tag/batch%20effect/
batcheffect,96,https://support.bioconductor.org/tag/batcheffect/
batchelor,24,https://support.bioconductor.org/tag/batchelor/
bayesian,61,https://support.bioconductor.org/tag/bayesian/
bayseq,28,https://support.bioconductor.org/tag/bayseq/
beadarray,183,https://support.bioconductor.org/tag/beadarray/
beadarraysnp,10,https://support.bioconductor.org/tag/beadarraysnp/
bed,17,https://support.bioconductor.org/tag/bed/
bed files,10,https://support.bioconductor.org/tag/bed%20files/
bigwig,10,https://support.bioconductor.org/tag/bigwig/
biobase,291,https://support.bioconductor.org/tag/biobase/
bioc-devel,15,https://support.bioconductor.org/tag/bioc-devel/
bioc2020,17,https://support.bioconductor.org/tag/bioc2020/
bioc2022,11,https://support.bioconductor.org/tag/bioc2022/
bioc2023,11,https://support.bioconductor.org/tag/bioc2023/
bioccheck,18,https://support.bioconductor.org/tag/bioccheck/
biocgenerics,26,https://support.bioconductor.org/tag/biocgenerics/
biocinstaller,107,https://support.bioconductor.org/tag/biocinstaller/
bioclite,73,https://support.bioconductor.org/tag/bioclite/
biocmanager,58,https://support.bioconductor.org/tag/biocmanager/
bioconductor,935,https://support.bioconductor.org/tag/bioconductor/
biocparallel,115,https://support.bioconductor.org/tag/biocparallel/
biocstyle,16,https://support.bioconductor.org/tag/biocstyle/
biocversion,13,https://support.bioconductor.org/tag/biocversion/
biocviews,38,https://support.bioconductor.org/tag/biocviews/
bioinformatician,10,https://support.bioconductor.org/tag/bioinformatician/
bioinformatician job,51,https://support.bioconductor.org/tag/bioinformatician%20job/
bioinformatics,152,https://support.bioconductor.org/tag/bioinformatics/
biomart,1091,https://support.bioconductor.org/tag/biomart/
biophysics,21,https://support.bioconductor.org/tag/biophysics/
biostatistics,30,https://support.bioconductor.org/tag/biostatistics/
biostrings,295,https://support.bioconductor.org/tag/biostrings/
biseq,24,https://support.bioconductor.org/tag/biseq/
bitseq,13,https://support.bioconductor.org/tag/bitseq/
blast,11,https://support.bioconductor.org/tag/blast/
block,12,https://support.bioconductor.org/tag/block/
boxplot,17,https://support.bioconductor.org/tag/boxplot/
bplapply,10,https://support.bioconductor.org/tag/bplapply/
brain,53,https://support.bioconductor.org/tag/brain/
breast,60,https://support.bioconductor.org/tag/breast/
bridge,13,https://support.bioconductor.org/tag/bridge/
bsgenome,349,https://support.bioconductor.org/tag/bsgenome/
bsseq,38,https://support.bioconductor.org/tag/bsseq/
bug,75,https://support.bioconductor.org/tag/bug/
bugs,13,https://support.bioconductor.org/tag/bugs/
bumphunter,59,https://support.bioconductor.org/tag/bumphunter/
bus,10,https://support.bioconductor.org/tag/bus/
cager,22,https://support.bioconductor.org/tag/cager/
camera,56,https://support.bioconductor.org/tag/camera/
cancer,1561,https://support.bioconductor.org/tag/cancer/
cancer genomics,10,https://support.bioconductor.org/tag/cancer%20genomics/
category,169,https://support.bioconductor.org/tag/category/
cdf,929,https://support.bioconductor.org/tag/cdf/
cel,12,https://support.bioconductor.org/tag/cel/
cellhts2,34,https://support.bioconductor.org/tag/cellhts2/
cellxgenedp,26,https://support.bioconductor.org/tag/cellxgenedp/
cgh,85,https://support.bioconductor.org/tag/cgh/
cghmcr,13,https://support.bioconductor.org/tag/cghmcr/
champ,170,https://support.bioconductor.org/tag/champ/
champdata,13,https://support.bioconductor.org/tag/champdata/
charm,28,https://support.bioconductor.org/tag/charm/
cheminformatics,10,https://support.bioconductor.org/tag/cheminformatics/
chemminer,15,https://support.bioconductor.org/tag/chemminer/
chip-seq,57,https://support.bioconductor.org/tag/chip-seq/
chipname,21,https://support.bioconductor.org/tag/chipname/
chippeakanno,181,https://support.bioconductor.org/tag/chippeakanno/
chipqc,92,https://support.bioconductor.org/tag/chipqc/
chipseeker,96,https://support.bioconductor.org/tag/chipseeker/
chipseq,197,https://support.bioconductor.org/tag/chipseq/
chromosome,10,https://support.bioconductor.org/tag/chromosome/
classification,91,https://support.bioconductor.org/tag/classification/
cluster,16,https://support.bioconductor.org/tag/cluster/
clustering,377,https://support.bioconductor.org/tag/clustering/
clusterprofiler,292,https://support.bioconductor.org/tag/clusterprofiler/
cma,14,https://support.bioconductor.org/tag/cma/
cn.mops,78,https://support.bioconductor.org/tag/cn.mops/
cnv,45,https://support.bioconductor.org/tag/cnv/
codelink,36,https://support.bioconductor.org/tag/codelink/
coexpression,18,https://support.bioconductor.org/tag/coexpression/
colon,11,https://support.bioconductor.org/tag/colon/
combat,87,https://support.bioconductor.org/tag/combat/
combat sva,19,https://support.bioconductor.org/tag/combat%20sva/
community,45,https://support.bioconductor.org/tag/community/
compilation error,23,https://support.bioconductor.org/tag/compilation%20error/
complexheatmap,66,https://support.bioconductor.org/tag/complexheatmap/
computational biology,56,https://support.bioconductor.org/tag/computational%20biology/
conference,78,https://support.bioconductor.org/tag/conference/
consensusclusterplus,19,https://support.bioconductor.org/tag/consensusclusterplus/
continuous,12,https://support.bioconductor.org/tag/continuous/
contrast,59,https://support.bioconductor.org/tag/contrast/
contrasts,22,https://support.bioconductor.org/tag/contrasts/
conumee,10,https://support.bioconductor.org/tag/conumee/
convert,463,https://support.bioconductor.org/tag/convert/
copynumber,23,https://support.bioconductor.org/tag/copynumber/
copywriter,17,https://support.bioconductor.org/tag/copywriter/
correlation,23,https://support.bioconductor.org/tag/correlation/
counts,45,https://support.bioconductor.org/tag/counts/
course,15,https://support.bioconductor.org/tag/course/
covariate,15,https://support.bioconductor.org/tag/covariate/
covariates,25,https://support.bioconductor.org/tag/covariates/
coverage,153,https://support.bioconductor.org/tag/coverage/
cpm,30,https://support.bioconductor.org/tag/cpm/
cqn,35,https://support.bioconductor.org/tag/cqn/
crispr,14,https://support.bioconductor.org/tag/crispr/
crisprseek,70,https://support.bioconductor.org/tag/crisprseek/
crlmm,91,https://support.bioconductor.org/tag/crlmm/
csaw,75,https://support.bioconductor.org/tag/csaw/
ctc,13,https://support.bioconductor.org/tag/ctc/
cuffdiff,12,https://support.bioconductor.org/tag/cuffdiff/
cummerbund,91,https://support.bioconductor.org/tag/cummerbund/
curatedmetagenomicdata,18,https://support.bioconductor.org/tag/curatedmetagenomicdata/
customcdf,13,https://support.bioconductor.org/tag/customcdf/
customprodb,22,https://support.bioconductor.org/tag/customprodb/
cycle,51,https://support.bioconductor.org/tag/cycle/
cytofworkflow,10,https://support.bioconductor.org/tag/cytofworkflow/
cytoscape,10,https://support.bioconductor.org/tag/cytoscape/
dada2,26,https://support.bioconductor.org/tag/dada2/
data,17,https://support.bioconductor.org/tag/data/
data integration,15,https://support.bioconductor.org/tag/data%20integration/
data science,18,https://support.bioconductor.org/tag/data%20science/
data visualization,10,https://support.bioconductor.org/tag/data%20visualization/
data.frame,12,https://support.bioconductor.org/tag/data.frame/
database,12,https://support.bioconductor.org/tag/database/
dataframe,22,https://support.bioconductor.org/tag/dataframe/
db0,25,https://support.bioconductor.org/tag/db0/
dba.count,21,https://support.bioconductor.org/tag/dba.count/
de,21,https://support.bioconductor.org/tag/de/
deadline,23,https://support.bioconductor.org/tag/deadline/
decipher,50,https://support.bioconductor.org/tag/decipher/
deconvolution,11,https://support.bioconductor.org/tag/deconvolution/
deepsnv,12,https://support.bioconductor.org/tag/deepsnv/
deg,49,https://support.bioconductor.org/tag/deg/
degreport,11,https://support.bioconductor.org/tag/degreport/
degs,23,https://support.bioconductor.org/tag/degs/
degseq,29,https://support.bioconductor.org/tag/degseq/
delayedarray,37,https://support.bioconductor.org/tag/delayedarray/
dep,43,https://support.bioconductor.org/tag/dep/
dependencies,11,https://support.bioconductor.org/tag/dependencies/
deprecate,15,https://support.bioconductor.org/tag/deprecate/
deprecation,17,https://support.bioconductor.org/tag/deprecation/
derfinder,23,https://support.bioconductor.org/tag/derfinder/
dese,16,https://support.bioconductor.org/tag/dese/
deseq,517,https://support.bioconductor.org/tag/deseq/
deseq2,4941,https://support.bioconductor.org/tag/deseq2/
deseqdataset,12,https://support.bioconductor.org/tag/deseqdataset/
design,95,https://support.bioconductor.org/tag/design/
design matrix,85,https://support.bioconductor.org/tag/design%20matrix/
designmatrix,16,https://support.bioconductor.org/tag/designmatrix/
devel,40,https://support.bioconductor.org/tag/devel/
developers,15,https://support.bioconductor.org/tag/developers/
dexseq,377,https://support.bioconductor.org/tag/dexseq/
dge,21,https://support.bioconductor.org/tag/dge/
dgelist,14,https://support.bioconductor.org/tag/dgelist/
diffbind,687,https://support.bioconductor.org/tag/diffbind/
differential analysis,11,https://support.bioconductor.org/tag/differential%20analysis/
differential binding analysis,31,https://support.bioconductor.org/tag/differential%20binding%20analysis/
differential exon usage,13,https://support.bioconductor.org/tag/differential%20exon%20usage/
differential expression,131,https://support.bioconductor.org/tag/differential%20expression/
differential gene expression,279,https://support.bioconductor.org/tag/differential%20gene%20expression/
differentialexpression,206,https://support.bioconductor.org/tag/differentialexpression/
diffhic,55,https://support.bioconductor.org/tag/diffhic/
dispersion,23,https://support.bioconductor.org/tag/dispersion/
dmrcate,58,https://support.bioconductor.org/tag/dmrcate/
dna methylation,13,https://support.bioconductor.org/tag/dna%20methylation/
dnacopy,64,https://support.bioconductor.org/tag/dnacopy/
dnamethylation,17,https://support.bioconductor.org/tag/dnamethylation/
dnaseq,17,https://support.bioconductor.org/tag/dnaseq/
docker,35,https://support.bioconductor.org/tag/docker/
dose,67,https://support.bioconductor.org/tag/dose/
download,13,https://support.bioconductor.org/tag/download/
dplyr,12,https://support.bioconductor.org/tag/dplyr/
drimseq,26,https://support.bioconductor.org/tag/drimseq/
dropletutils,36,https://support.bioconductor.org/tag/dropletutils/
drosophila2,11,https://support.bioconductor.org/tag/drosophila2/
dss,22,https://support.bioconductor.org/tag/dss/
dtu,11,https://support.bioconductor.org/tag/dtu/
duplicatecorrelation,33,https://support.bioconductor.org/tag/duplicatecorrelation/
dyndoc,16,https://support.bioconductor.org/tag/dyndoc/
easyrnaseq,65,https://support.bioconductor.org/tag/easyrnaseq/
ebayes,14,https://support.bioconductor.org/tag/ebayes/
ebimage,94,https://support.bioconductor.org/tag/ebimage/
ebseq,14,https://support.bioconductor.org/tag/ebseq/
edge,14,https://support.bioconductor.org/tag/edge/
edger,2054,https://support.bioconductor.org/tag/edger/
egsea,18,https://support.bioconductor.org/tag/egsea/
enhancedvolcano,43,https://support.bioconductor.org/tag/enhancedvolcano/
enmix,14,https://support.bioconductor.org/tag/enmix/
enrichgo,16,https://support.bioconductor.org/tag/enrichgo/
enrichment,25,https://support.bioconductor.org/tag/enrichment/
enrichplot,36,https://support.bioconductor.org/tag/enrichplot/
ensembl,144,https://support.bioconductor.org/tag/ensembl/
ensembldb,103,https://support.bioconductor.org/tag/ensembldb/
ensemblvep,20,https://support.bioconductor.org/tag/ensemblvep/
epic,32,https://support.bioconductor.org/tag/epic/
epicv2manifest,12,https://support.bioconductor.org/tag/epicv2manifest/
epigenetics,53,https://support.bioconductor.org/tag/epigenetics/
epigenomics,13,https://support.bioconductor.org/tag/epigenomics/
error,161,https://support.bioconductor.org/tag/error/
error handling,10,https://support.bioconductor.org/tag/error%20handling/
eset,13,https://support.bioconductor.org/tag/eset/
estimatedispersions,23,https://support.bioconductor.org/tag/estimatedispersions/
estimatesizefactors,11,https://support.bioconductor.org/tag/estimatesizefactors/
evolution,11,https://support.bioconductor.org/tag/evolution/
exomecopy,19,https://support.bioconductor.org/tag/exomecopy/
exonmap,41,https://support.bioconductor.org/tag/exonmap/
exons,11,https://support.bioconductor.org/tag/exons/
experimental design,21,https://support.bioconductor.org/tag/experimental%20design/
experimentdata,31,https://support.bioconductor.org/tag/experimentdata/
experimenthub,24,https://support.bioconductor.org/tag/experimenthub/
expressiondata,20,https://support.bioconductor.org/tag/expressiondata/
expressionset,36,https://support.bioconductor.org/tag/expressionset/
factdesign,18,https://support.bioconductor.org/tag/factdesign/
fasta,27,https://support.bioconductor.org/tag/fasta/
fastmnn,11,https://support.bioconductor.org/tag/fastmnn/
fastq,22,https://support.bioconductor.org/tag/fastq/
fdr,30,https://support.bioconductor.org/tag/fdr/
fdrtool,18,https://support.bioconductor.org/tag/fdrtool/
featurecounts,141,https://support.bioconductor.org/tag/featurecounts/
fella,12,https://support.bioconductor.org/tag/fella/
fgsea,38,https://support.bioconductor.org/tag/fgsea/
filter,18,https://support.bioconductor.org/tag/filter/
filtering,30,https://support.bioconductor.org/tag/filtering/
findoverlaps,36,https://support.bioconductor.org/tag/findoverlaps/
fishpond,19,https://support.bioconductor.org/tag/fishpond/
flow cytometry,52,https://support.bioconductor.org/tag/flow%20cytometry/
flowclust,20,https://support.bioconductor.org/tag/flowclust/
flowcore,213,https://support.bioconductor.org/tag/flowcore/
flowcytometry,28,https://support.bioconductor.org/tag/flowcytometry/
flowdensity,13,https://support.bioconductor.org/tag/flowdensity/
flowsom,15,https://support.bioconductor.org/tag/flowsom/
flowstats,30,https://support.bioconductor.org/tag/flowstats/
flowviz,41,https://support.bioconductor.org/tag/flowviz/
flowworkspace,42,https://support.bioconductor.org/tag/flowworkspace/
foldchange,13,https://support.bioconductor.org/tag/foldchange/
fourcseq,32,https://support.bioconductor.org/tag/fourcseq/
fpkm,19,https://support.bioconductor.org/tag/fpkm/
frma,60,https://support.bioconductor.org/tag/frma/
frmatools,22,https://support.bioconductor.org/tag/frmatools/
gage,114,https://support.bioconductor.org/tag/gage/
gcrma,406,https://support.bioconductor.org/tag/gcrma/
gdc,13,https://support.bioconductor.org/tag/gdc/
genbankr,10,https://support.bioconductor.org/tag/genbankr/
gene,29,https://support.bioconductor.org/tag/gene/
gene expression,39,https://support.bioconductor.org/tag/gene%20expression/
gene ontology,59,https://support.bioconductor.org/tag/gene%20ontology/
gene set analysis,23,https://support.bioconductor.org/tag/gene%20set%20analysis/
gene set enrichment,11,https://support.bioconductor.org/tag/gene%20set%20enrichment/
gene set testing,15,https://support.bioconductor.org/tag/gene%20set%20testing/
gene symbol,11,https://support.bioconductor.org/tag/gene%20symbol/
geneanswers,12,https://support.bioconductor.org/tag/geneanswers/
geneexpression,59,https://support.bioconductor.org/tag/geneexpression/
genefilter,211,https://support.bioconductor.org/tag/genefilter/
genelendatabase,10,https://support.bioconductor.org/tag/genelendatabase/
geneontology,10,https://support.bioconductor.org/tag/geneontology/
geneplotter,70,https://support.bioconductor.org/tag/geneplotter/
genes,12,https://support.bioconductor.org/tag/genes/
genesetenrichment,31,https://support.bioconductor.org/tag/genesetenrichment/
genesis,41,https://support.bioconductor.org/tag/genesis/
genespring,49,https://support.bioconductor.org/tag/genespring/
genetics,338,https://support.bioconductor.org/tag/genetics/
genome,15,https://support.bioconductor.org/tag/genome/
genomegraphs,38,https://support.bioconductor.org/tag/genomegraphs/
genomeinfodb,44,https://support.bioconductor.org/tag/genomeinfodb/
genomeinfodbdata,17,https://support.bioconductor.org/tag/genomeinfodbdata/
genomes,123,https://support.bioconductor.org/tag/genomes/
genomicalignments,108,https://support.bioconductor.org/tag/genomicalignments/
genomicfeatures,293,https://support.bioconductor.org/tag/genomicfeatures/
genomicfiles,11,https://support.bioconductor.org/tag/genomicfiles/
genomicinteractions,13,https://support.bioconductor.org/tag/genomicinteractions/
genomicranges,408,https://support.bioconductor.org/tag/genomicranges/
genomics,80,https://support.bioconductor.org/tag/genomics/
genvisr,20,https://support.bioconductor.org/tag/genvisr/
geo,52,https://support.bioconductor.org/tag/geo/
geometadb,28,https://support.bioconductor.org/tag/geometadb/
geoquery,242,https://support.bioconductor.org/tag/geoquery/
germany,10,https://support.bioconductor.org/tag/germany/
getbm,34,https://support.bioconductor.org/tag/getbm/
gff,27,https://support.bioconductor.org/tag/gff/
ggbio,106,https://support.bioconductor.org/tag/ggbio/
ggcyto,16,https://support.bioconductor.org/tag/ggcyto/
ggplot2,66,https://support.bioconductor.org/tag/ggplot2/
ggtools,11,https://support.bioconductor.org/tag/ggtools/
ggtree,28,https://support.bioconductor.org/tag/ggtree/
git,18,https://support.bioconductor.org/tag/git/
github,17,https://support.bioconductor.org/tag/github/
glad,76,https://support.bioconductor.org/tag/glad/
glimma,10,https://support.bioconductor.org/tag/glimma/
glm,40,https://support.bioconductor.org/tag/glm/
gmapr,19,https://support.bioconductor.org/tag/gmapr/
go,1949,https://support.bioconductor.org/tag/go/
go enrichment,12,https://support.bioconductor.org/tag/go%20enrichment/
go.db,62,https://support.bioconductor.org/tag/go.db/
goana,16,https://support.bioconductor.org/tag/goana/
gocluster,13,https://support.bioconductor.org/tag/gocluster/
goexpress,14,https://support.bioconductor.org/tag/goexpress/
goprofiles,14,https://support.bioconductor.org/tag/goprofiles/
gosemsim,35,https://support.bioconductor.org/tag/gosemsim/
goseq,164,https://support.bioconductor.org/tag/goseq/
gosim,11,https://support.bioconductor.org/tag/gosim/
gostats,253,https://support.bioconductor.org/tag/gostats/
gotools,32,https://support.bioconductor.org/tag/gotools/
grange,12,https://support.bioconductor.org/tag/grange/
granges,213,https://support.bioconductor.org/tag/granges/
grangeslist,53,https://support.bioconductor.org/tag/grangeslist/
graph,361,https://support.bioconductor.org/tag/graph/
gsea,84,https://support.bioconductor.org/tag/gsea/
gseabase,51,https://support.bioconductor.org/tag/gseabase/
gsva,104,https://support.bioconductor.org/tag/gsva/
gtf,33,https://support.bioconductor.org/tag/gtf/
gui,117,https://support.bioconductor.org/tag/gui/
guideseq,17,https://support.bioconductor.org/tag/guideseq/
gviz,338,https://support.bioconductor.org/tag/gviz/
gviz-package,23,https://support.bioconductor.org/tag/gviz-package/
gwas,19,https://support.bioconductor.org/tag/gwas/
gwastools,43,https://support.bioconductor.org/tag/gwastools/
hapmap,24,https://support.bioconductor.org/tag/hapmap/
hclust,10,https://support.bioconductor.org/tag/hclust/
hdf5,16,https://support.bioconductor.org/tag/hdf5/
hdf5array,23,https://support.bioconductor.org/tag/hdf5array/
heatmap,72,https://support.bioconductor.org/tag/heatmap/
heatmap.2,22,https://support.bioconductor.org/tag/heatmap.2/
heatmaps,34,https://support.bioconductor.org/tag/heatmaps/
hexbin,40,https://support.bioconductor.org/tag/hexbin/
hg38,10,https://support.bioconductor.org/tag/hg38/
hgu133a,116,https://support.bioconductor.org/tag/hgu133a/
hgu133a2,21,https://support.bioconductor.org/tag/hgu133a2/
hgu133a2.db,10,https://support.bioconductor.org/tag/hgu133a2.db/
hgu133b,12,https://support.bioconductor.org/tag/hgu133b/
hgu133plus2,157,https://support.bioconductor.org/tag/hgu133plus2/
hgu95a,21,https://support.bioconductor.org/tag/hgu95a/
hgu95av2,90,https://support.bioconductor.org/tag/hgu95av2/
hgug4112a,24,https://support.bioconductor.org/tag/hgug4112a/
hic,18,https://support.bioconductor.org/tag/hic/
hicdcplus,13,https://support.bioconductor.org/tag/hicdcplus/
hitc,15,https://support.bioconductor.org/tag/hitc/
hiv,11,https://support.bioconductor.org/tag/hiv/
homo sapiens,47,https://support.bioconductor.org/tag/homo%20sapiens/
homo.sapiens,14,https://support.bioconductor.org/tag/homo.sapiens/
hta2.0,16,https://support.bioconductor.org/tag/hta2.0/
htqpcr,134,https://support.bioconductor.org/tag/htqpcr/
htseqcounts,13,https://support.bioconductor.org/tag/htseqcounts/
hu6800,31,https://support.bioconductor.org/tag/hu6800/
hu6800probe,23,https://support.bioconductor.org/tag/hu6800probe/
huex10sttranscriptcluster.db,10,https://support.bioconductor.org/tag/huex10sttranscriptcluster.db/
idat,15,https://support.bioconductor.org/tag/idat/
ideogram,28,https://support.bioconductor.org/tag/ideogram/
iflow,13,https://support.bioconductor.org/tag/iflow/
igraph,21,https://support.bioconductor.org/tag/igraph/
ihw,22,https://support.bioconductor.org/tag/ihw/
illumina,71,https://support.bioconductor.org/tag/illumina/
illumina human  ht-12 v4,17,https://support.bioconductor.org/tag/illumina%20human%20%20ht-12%20v4/
illumina450k,14,https://support.bioconductor.org/tag/illumina450k/
illuminahumanmethylation450k.db,17,https://support.bioconductor.org/tag/illuminahumanmethylation450k.db/
illuminahumanmethylationepicmanifest,10,https://support.bioconductor.org/tag/illuminahumanmethylationepicmanifest/
illuminaio,16,https://support.bioconductor.org/tag/illuminaio/
independent filtering,17,https://support.bioconductor.org/tag/independent%20filtering/
infrastructure,57,https://support.bioconductor.org/tag/infrastructure/
input files,11,https://support.bioconductor.org/tag/input%20files/
install,90,https://support.bioconductor.org/tag/install/
interaction,16,https://support.bioconductor.org/tag/interaction/
interaction term,13,https://support.bioconductor.org/tag/interaction%20term/
interactions,44,https://support.bioconductor.org/tag/interactions/
interactionset,13,https://support.bioconductor.org/tag/interactionset/
iranges,278,https://support.bioconductor.org/tag/iranges/
isoform,11,https://support.bioconductor.org/tag/isoform/
isoformswitchanalyzer,23,https://support.bioconductor.org/tag/isoformswitchanalyzer/
job,399,https://support.bioconductor.org/tag/job/
jobposting,69,https://support.bioconductor.org/tag/jobposting/
jobs,19,https://support.bioconductor.org/tag/jobs/
kallisto,34,https://support.bioconductor.org/tag/kallisto/
kegg,118,https://support.bioconductor.org/tag/kegg/
kegga,13,https://support.bioconductor.org/tag/kegga/
kegggraph,50,https://support.bioconductor.org/tag/kegggraph/
keggprofile,10,https://support.bioconductor.org/tag/keggprofile/
keggrest,36,https://support.bioconductor.org/tag/keggrest/
keggsoap,43,https://support.bioconductor.org/tag/keggsoap/
kidney,16,https://support.bioconductor.org/tag/kidney/
lfcshrink,47,https://support.bioconductor.org/tag/lfcshrink/
library,13,https://support.bioconductor.org/tag/library/
liftover,11,https://support.bioconductor.org/tag/liftover/
limma,4263,https://support.bioconductor.org/tag/limma/
limma design matrix,51,https://support.bioconductor.org/tag/limma%20design%20matrix/
limma paired analysis,15,https://support.bioconductor.org/tag/limma%20paired%20analysis/
limma voom,28,https://support.bioconductor.org/tag/limma%20voom/
limma-voom,32,https://support.bioconductor.org/tag/limma-voom/
limmagui,105,https://support.bioconductor.org/tag/limmagui/
linear model,35,https://support.bioconductor.org/tag/linear%20model/
linux,15,https://support.bioconductor.org/tag/linux/
lipidomics,10,https://support.bioconductor.org/tag/lipidomics/
list,12,https://support.bioconductor.org/tag/list/
lmfit,23,https://support.bioconductor.org/tag/lmfit/
log2fc,18,https://support.bioconductor.org/tag/log2fc/
logfc,29,https://support.bioconductor.org/tag/logfc/
logfoldchange,19,https://support.bioconductor.org/tag/logfoldchange/
lpe,22,https://support.bioconductor.org/tag/lpe/
lpnet,29,https://support.bioconductor.org/tag/lpnet/
lrt,51,https://support.bioconductor.org/tag/lrt/
lumi,247,https://support.bioconductor.org/tag/lumi/
lung,19,https://support.bioconductor.org/tag/lung/
maanova,55,https://support.bioconductor.org/tag/maanova/
mac os x,11,https://support.bioconductor.org/tag/mac%20os%20x/
machine learning,23,https://support.bioconductor.org/tag/machine%20learning/
machinelearning,10,https://support.bioconductor.org/tag/machinelearning/
macs2,10,https://support.bioconductor.org/tag/macs2/
made4,18,https://support.bioconductor.org/tag/made4/
maftools,17,https://support.bioconductor.org/tag/maftools/
makecdfenv,68,https://support.bioconductor.org/tag/makecdfenv/
makecontrasts,16,https://support.bioconductor.org/tag/makecontrasts/
makeorgpackagefromncbi,10,https://support.bioconductor.org/tag/makeorgpackagefromncbi/
makeplatformdesign,10,https://support.bioconductor.org/tag/makeplatformdesign/
maketxdbfrombiomart,13,https://support.bioconductor.org/tag/maketxdbfrombiomart/
maketxdbfromgff,22,https://support.bioconductor.org/tag/maketxdbfromgff/
maplot,16,https://support.bioconductor.org/tag/maplot/
marray,138,https://support.bioconductor.org/tag/marray/
masigpro,53,https://support.bioconductor.org/tag/masigpro/
mass spectrometry,11,https://support.bioconductor.org/tag/mass%20spectrometry/
massspectrometry,20,https://support.bioconductor.org/tag/massspectrometry/
mast,49,https://support.bioconductor.org/tag/mast/
matchprobes,78,https://support.bioconductor.org/tag/matchprobes/
matrix,23,https://support.bioconductor.org/tag/matrix/
medip-seq,15,https://support.bioconductor.org/tag/medip-seq/
medips,109,https://support.bioconductor.org/tag/medips/
merge,10,https://support.bioconductor.org/tag/merge/
metabolomics,73,https://support.bioconductor.org/tag/metabolomics/
metagenomeseq,56,https://support.bioconductor.org/tag/metagenomeseq/
metagenomics,37,https://support.bioconductor.org/tag/metagenomics/
metamsdata,17,https://support.bioconductor.org/tag/metamsdata/
methyanalysis,21,https://support.bioconductor.org/tag/methyanalysis/
methylation,147,https://support.bioconductor.org/tag/methylation/
methylationarray,40,https://support.bioconductor.org/tag/methylationarray/
methylationarrayanalysis,42,https://support.bioconductor.org/tag/methylationarrayanalysis/
methylationarraydata,30,https://support.bioconductor.org/tag/methylationarraydata/
methylationepic,11,https://support.bioconductor.org/tag/methylationepic/
methylumi,43,https://support.bioconductor.org/tag/methylumi/
metid,10,https://support.bioconductor.org/tag/metid/
mfuzz,21,https://support.bioconductor.org/tag/mfuzz/
mgu74av2,27,https://support.bioconductor.org/tag/mgu74av2/
mgug4122a,11,https://support.bioconductor.org/tag/mgug4122a/
microarray,2340,https://support.bioconductor.org/tag/microarray/
microarraydata,37,https://support.bioconductor.org/tag/microarraydata/
microbiome,62,https://support.bioconductor.org/tag/microbiome/
microrna,112,https://support.bioconductor.org/tag/microrna/
minfi,282,https://support.bioconductor.org/tag/minfi/
minfidata,14,https://support.bioconductor.org/tag/minfidata/
minfidataepic,16,https://support.bioconductor.org/tag/minfidataepic/
mirna,253,https://support.bioconductor.org/tag/mirna/
mirna-seq,10,https://support.bioconductor.org/tag/mirna-seq/
missmethyl,27,https://support.bioconductor.org/tag/missmethyl/
mlinterfaces,12,https://support.bioconductor.org/tag/mlinterfaces/
mmappr2,12,https://support.bioconductor.org/tag/mmappr2/
model,17,https://support.bioconductor.org/tag/model/
model matrix,11,https://support.bioconductor.org/tag/model%20matrix/
model.matrix,54,https://support.bioconductor.org/tag/model.matrix/
moe430a,45,https://support.bioconductor.org/tag/moe430a/
moe430b,15,https://support.bioconductor.org/tag/moe430b/
monocle,24,https://support.bioconductor.org/tag/monocle/
motifdb,17,https://support.bioconductor.org/tag/motifdb/
motifstack,11,https://support.bioconductor.org/tag/motifstack/
mouse4302,42,https://support.bioconductor.org/tag/mouse4302/
mroast,24,https://support.bioconductor.org/tag/mroast/
msa,52,https://support.bioconductor.org/tag/msa/
msigdb,10,https://support.bioconductor.org/tag/msigdb/
msnbase,41,https://support.bioconductor.org/tag/msnbase/
multiassayexperiment,21,https://support.bioconductor.org/tag/multiassayexperiment/
multifactorial design,32,https://support.bioconductor.org/tag/multifactorial%20design/
multiple comparisons,14,https://support.bioconductor.org/tag/multiple%20comparisons/
multiple factor design,112,https://support.bioconductor.org/tag/multiple%20factor%20design/
multiple time points,28,https://support.bioconductor.org/tag/multiple%20time%20points/
multtest,141,https://support.bioconductor.org/tag/multtest/
mus musculus,14,https://support.bioconductor.org/tag/mus%20musculus/
mzr,53,https://support.bioconductor.org/tag/mzr/
na,18,https://support.bioconductor.org/tag/na/
nanostring,18,https://support.bioconductor.org/tag/nanostring/
nanostringdiff,15,https://support.bioconductor.org/tag/nanostringdiff/
ncbi,10,https://support.bioconductor.org/tag/ncbi/
nested design,14,https://support.bioconductor.org/tag/nested%20design/
network,192,https://support.bioconductor.org/tag/network/
network analysis,13,https://support.bioconductor.org/tag/network%20analysis/
news,353,https://support.bioconductor.org/tag/news/
newwave,33,https://support.bioconductor.org/tag/newwave/
next-generation sequencing,12,https://support.bioconductor.org/tag/next-generation%20sequencing/
ngs,40,https://support.bioconductor.org/tag/ngs/
nmf,13,https://support.bioconductor.org/tag/nmf/
noiseq,17,https://support.bioconductor.org/tag/noiseq/
normalization,1777,https://support.bioconductor.org/tag/normalization/
normalized counts,12,https://support.bioconductor.org/tag/normalized%20counts/
offtopic,11,https://support.bioconductor.org/tag/offtopic/
oligo,433,https://support.bioconductor.org/tag/oligo/
oligoclasses,19,https://support.bioconductor.org/tag/oligoclasses/
omiccircos,21,https://support.bioconductor.org/tag/omiccircos/
onechannelgui,34,https://support.bioconductor.org/tag/onechannelgui/
opencyto,45,https://support.bioconductor.org/tag/opencyto/
opencyto gating,19,https://support.bioconductor.org/tag/opencyto%20gating/
openprimer,19,https://support.bioconductor.org/tag/openprimer/
org.hs.eg.db,86,https://support.bioconductor.org/tag/org.hs.eg.db/
org.mm.eg.db,29,https://support.bioconductor.org/tag/org.mm.eg.db/
org.sc.sgd.db,15,https://support.bioconductor.org/tag/org.sc.sgd.db/
organism,220,https://support.bioconductor.org/tag/organism/
orgdb,33,https://support.bioconductor.org/tag/orgdb/
outliers,26,https://support.bioconductor.org/tag/outliers/
p-value,21,https://support.bioconductor.org/tag/p-value/
package,75,https://support.bioconductor.org/tag/package/
package development,13,https://support.bioconductor.org/tag/package%20development/
package installation,84,https://support.bioconductor.org/tag/package%20installation/
package submission,13,https://support.bioconductor.org/tag/package%20submission/
packages,52,https://support.bioconductor.org/tag/packages/
paired,27,https://support.bioconductor.org/tag/paired/
paired samples,41,https://support.bioconductor.org/tag/paired%20samples/
pairwisealignment,12,https://support.bioconductor.org/tag/pairwisealignment/
pamr,27,https://support.bioconductor.org/tag/pamr/
parallel,27,https://support.bioconductor.org/tag/parallel/
pathview,147,https://support.bioconductor.org/tag/pathview/
pathway analysis,45,https://support.bioconductor.org/tag/pathway%20analysis/
pathways,253,https://support.bioconductor.org/tag/pathways/
pca,91,https://support.bioconductor.org/tag/pca/
pcamethods,19,https://support.bioconductor.org/tag/pcamethods/
pd.hta.2.0,14,https://support.bioconductor.org/tag/pd.hta.2.0/
pdinfobuilder,60,https://support.bioconductor.org/tag/pdinfobuilder/
pgsea,12,https://support.bioconductor.org/tag/pgsea/
pharmacogenomics,13,https://support.bioconductor.org/tag/pharmacogenomics/
phd,20,https://support.bioconductor.org/tag/phd/
pheatmap,37,https://support.bioconductor.org/tag/pheatmap/
phyloseq,78,https://support.bioconductor.org/tag/phyloseq/
piano,10,https://support.bioconductor.org/tag/piano/
pileup,12,https://support.bioconductor.org/tag/pileup/
plier,44,https://support.bioconductor.org/tag/plier/
plot,54,https://support.bioconductor.org/tag/plot/
plotpca,17,https://support.bioconductor.org/tag/plotpca/
polyester,12,https://support.bioconductor.org/tag/polyester/
postdoc,27,https://support.bioconductor.org/tag/postdoc/
preprocesscore,18,https://support.bioconductor.org/tag/preprocesscore/
preprocessing,177,https://support.bioconductor.org/tag/preprocessing/
probe,1390,https://support.bioconductor.org/tag/probe/
process,654,https://support.bioconductor.org/tag/process/
processamplicons,10,https://support.bioconductor.org/tag/processamplicons/
promise,10,https://support.bioconductor.org/tag/promise/
promoter,11,https://support.bioconductor.org/tag/promoter/
prostate,20,https://support.bioconductor.org/tag/prostate/
protein,15,https://support.bioconductor.org/tag/protein/
proteomics,239,https://support.bioconductor.org/tag/proteomics/
puma,14,https://support.bioconductor.org/tag/puma/
purecn,56,https://support.bioconductor.org/tag/purecn/
pvalue,33,https://support.bioconductor.org/tag/pvalue/
pwmenrich,16,https://support.bioconductor.org/tag/pwmenrich/
python,23,https://support.bioconductor.org/tag/python/
qc,12,https://support.bioconductor.org/tag/qc/
qpcr,119,https://support.bioconductor.org/tag/qpcr/
qsea,23,https://support.bioconductor.org/tag/qsea/
qualitycontrol,13,https://support.bioconductor.org/tag/qualitycontrol/
quasr,43,https://support.bioconductor.org/tag/quasr/
qvalue,43,https://support.bioconductor.org/tag/qvalue/
r,1211,https://support.bioconductor.org/tag/r/
rae230a,21,https://support.bioconductor.org/tag/rae230a/
rangedsummarizedexperiment,17,https://support.bioconductor.org/tag/rangedsummarizedexperiment/
rankprod,41,https://support.bioconductor.org/tag/rankprod/
rat2302,17,https://support.bioconductor.org/tag/rat2302/
rbgl,57,https://support.bioconductor.org/tag/rbgl/
rcpp,22,https://support.bioconductor.org/tag/rcpp/
rcy3,12,https://support.bioconductor.org/tag/rcy3/
rcytoscape,16,https://support.bioconductor.org/tag/rcytoscape/
rdavidwebservice,17,https://support.bioconductor.org/tag/rdavidwebservice/
rdbipgsql,21,https://support.bioconductor.org/tag/rdbipgsql/
reactome.db,14,https://support.bioconductor.org/tag/reactome.db/
reactomepa,41,https://support.bioconductor.org/tag/reactomepa/
read.fcs,12,https://support.bioconductor.org/tag/read.fcs/
readvcf,23,https://support.bioconductor.org/tag/readvcf/
recognition,28,https://support.bioconductor.org/tag/recognition/
recount,40,https://support.bioconductor.org/tag/recount/
recount3,34,https://support.bioconductor.org/tag/recount3/
regioner,18,https://support.bioconductor.org/tag/regioner/
regression,137,https://support.bioconductor.org/tag/regression/
regutools,16,https://support.bioconductor.org/tag/regutools/
release,133,https://support.bioconductor.org/tag/release/
removebatcheffect,20,https://support.bioconductor.org/tag/removebatcheffect/
removebatcheffect(),19,https://support.bioconductor.org/tag/removebatcheffect()/
repitools,10,https://support.bioconductor.org/tag/repitools/
replicates,13,https://support.bioconductor.org/tag/replicates/
reportingtools,33,https://support.bioconductor.org/tag/reportingtools/
repostools,106,https://support.bioconductor.org/tag/repostools/
results,24,https://support.bioconductor.org/tag/results/
resultsnames,11,https://support.bioconductor.org/tag/resultsnames/
rforproteomics,15,https://support.bioconductor.org/tag/rforproteomics/
rgadem,17,https://support.bioconductor.org/tag/rgadem/
rgraphviz,219,https://support.bioconductor.org/tag/rgraphviz/
rgu34a,10,https://support.bioconductor.org/tag/rgu34a/
rhdf5,94,https://support.bioconductor.org/tag/rhdf5/
riboseqr,18,https://support.bioconductor.org/tag/riboseqr/
ribosome profiling,12,https://support.bioconductor.org/tag/ribosome%20profiling/
ringo,32,https://support.bioconductor.org/tag/ringo/
ripseeker,16,https://support.bioconductor.org/tag/ripseeker/
rle,20,https://support.bioconductor.org/tag/rle/
rlog,28,https://support.bioconductor.org/tag/rlog/
rlog transformation,21,https://support.bioconductor.org/tag/rlog%20transformation/
rma,27,https://support.bioconductor.org/tag/rma/
rmageml,19,https://support.bioconductor.org/tag/rmageml/
rmarkdown,11,https://support.bioconductor.org/tag/rmarkdown/
rna,40,https://support.bioconductor.org/tag/rna/
rna seq,14,https://support.bioconductor.org/tag/rna%20seq/
rna-seq,429,https://support.bioconductor.org/tag/rna-seq/
rnaseq,1458,https://support.bioconductor.org/tag/rnaseq/
rnaseq123,20,https://support.bioconductor.org/tag/rnaseq123/
rnaseqdata,157,https://support.bioconductor.org/tag/rnaseqdata/
rnaseqdtu,21,https://support.bioconductor.org/tag/rnaseqdtu/
rnaseqgene,51,https://support.bioconductor.org/tag/rnaseqgene/
rnaseqpower,13,https://support.bioconductor.org/tag/rnaseqpower/
rnaseqr,29,https://support.bioconductor.org/tag/rnaseqr/
rnaseqrdata,13,https://support.bioconductor.org/tag/rnaseqrdata/
rnaseqsamplesize,14,https://support.bioconductor.org/tag/rnaseqsamplesize/
rnbeads,43,https://support.bioconductor.org/tag/rnbeads/
roast,14,https://support.bioconductor.org/tag/roast/
roc,29,https://support.bioconductor.org/tag/roc/
ropls,15,https://support.bioconductor.org/tag/ropls/
rpkm,21,https://support.bioconductor.org/tag/rpkm/
rsamtools,187,https://support.bioconductor.org/tag/rsamtools/
rsbml,24,https://support.bioconductor.org/tag/rsbml/
rsem,57,https://support.bioconductor.org/tag/rsem/
rsqlite,12,https://support.bioconductor.org/tag/rsqlite/
rstudio,78,https://support.bioconductor.org/tag/rstudio/
rsubread,214,https://support.bioconductor.org/tag/rsubread/
rtracklayer,263,https://support.bioconductor.org/tag/rtracklayer/
ruuid,27,https://support.bioconductor.org/tag/ruuid/
ruv,21,https://support.bioconductor.org/tag/ruv/
ruvnormalize,14,https://support.bioconductor.org/tag/ruvnormalize/
ruvseq,109,https://support.bioconductor.org/tag/ruvseq/
rwebservices,15,https://support.bioconductor.org/tag/rwebservices/
s4,17,https://support.bioconductor.org/tag/s4/
s4vectors,71,https://support.bioconductor.org/tag/s4vectors/
safe,43,https://support.bioconductor.org/tag/safe/
sage,21,https://support.bioconductor.org/tag/sage/
salmon,98,https://support.bioconductor.org/tag/salmon/
sam,12,https://support.bioconductor.org/tag/sam/
santa,18,https://support.bioconductor.org/tag/santa/
sc3,23,https://support.bioconductor.org/tag/sc3/
scan.upc,32,https://support.bioconductor.org/tag/scan.upc/
scater,99,https://support.bioconductor.org/tag/scater/
scran,100,https://support.bioconductor.org/tag/scran/
scrna,16,https://support.bioconductor.org/tag/scrna/
scrna-seq,30,https://support.bioconductor.org/tag/scrna-seq/
scrnaseq,100,https://support.bioconductor.org/tag/scrnaseq/
sec_e_illegal_message(0x80090326),80090326,https://support.bioconductor.org/tag/sec_e_illegal_message(0x80090326)/
segfault,12,https://support.bioconductor.org/tag/segfault/
select,10,https://support.bioconductor.org/tag/select/
sequencing,308,https://support.bioconductor.org/tag/sequencing/
sesame,10,https://support.bioconductor.org/tag/sesame/
seurat,32,https://support.bioconductor.org/tag/seurat/
sgseq,24,https://support.bioconductor.org/tag/sgseq/
shiny,21,https://support.bioconductor.org/tag/shiny/
shortread,97,https://support.bioconductor.org/tag/shortread/
siggenes,80,https://support.bioconductor.org/tag/siggenes/
simpleaffy,134,https://support.bioconductor.org/tag/simpleaffy/
simplesinglecell,13,https://support.bioconductor.org/tag/simplesinglecell/
single cell,47,https://support.bioconductor.org/tag/single%20cell/
single-cell,44,https://support.bioconductor.org/tag/single-cell/
singlecell,61,https://support.bioconductor.org/tag/singlecell/
singlecelldata,21,https://support.bioconductor.org/tag/singlecelldata/
singlecellexperiment,98,https://support.bioconductor.org/tag/singlecellexperiment/
singler,44,https://support.bioconductor.org/tag/singler/
sjava,15,https://support.bioconductor.org/tag/sjava/
smallrna,15,https://support.bioconductor.org/tag/smallrna/
snapcgh,40,https://support.bioconductor.org/tag/snapcgh/
snp,346,https://support.bioconductor.org/tag/snp/
snplocs,43,https://support.bioconductor.org/tag/snplocs/
snpmatrix,11,https://support.bioconductor.org/tag/snpmatrix/
snprelate,24,https://support.bioconductor.org/tag/snprelate/
snps,11,https://support.bioconductor.org/tag/snps/
snpstats,25,https://support.bioconductor.org/tag/snpstats/
software,62,https://support.bioconductor.org/tag/software/
software error,725,https://support.bioconductor.org/tag/software%20error/
somaticsignatures,59,https://support.bioconductor.org/tag/somaticsignatures/
spia,46,https://support.bioconductor.org/tag/spia/
spikein,13,https://support.bioconductor.org/tag/spikein/
splatter,16,https://support.bioconductor.org/tag/splatter/
splots,10,https://support.bioconductor.org/tag/splots/
sradb,29,https://support.bioconductor.org/tag/sradb/
star,23,https://support.bioconductor.org/tag/star/
starr,16,https://support.bioconductor.org/tag/starr/
statisticalmethod,31,https://support.bioconductor.org/tag/statisticalmethod/
statistics,74,https://support.bioconductor.org/tag/statistics/
stringdb,36,https://support.bioconductor.org/tag/stringdb/
submission,14,https://support.bioconductor.org/tag/submission/
subread,34,https://support.bioconductor.org/tag/subread/
subsetting,21,https://support.bioconductor.org/tag/subsetting/
summarizedexperiment,72,https://support.bioconductor.org/tag/summarizedexperiment/
summarizeoverlaps,43,https://support.bioconductor.org/tag/summarizeoverlaps/
survival,116,https://support.bioconductor.org/tag/survival/
sva,245,https://support.bioconductor.org/tag/sva/
svaseq,24,https://support.bioconductor.org/tag/svaseq/
swish,14,https://support.bioconductor.org/tag/swish/
systempiper,18,https://support.bioconductor.org/tag/systempiper/
systemsbiology,19,https://support.bioconductor.org/tag/systemsbiology/
tcga,109,https://support.bioconductor.org/tag/tcga/
tcgabiolinks,172,https://support.bioconductor.org/tag/tcgabiolinks/
technical replicates,11,https://support.bioconductor.org/tag/technical%20replicates/
tfbstools,10,https://support.bioconductor.org/tag/tfbstools/
tilingarray,20,https://support.bioconductor.org/tag/tilingarray/
time course,23,https://support.bioconductor.org/tag/time%20course/
time-series,10,https://support.bioconductor.org/tag/time-series/
timecourse,124,https://support.bioconductor.org/tag/timecourse/
timecoursedata,10,https://support.bioconductor.org/tag/timecoursedata/
tkwidgets,42,https://support.bioconductor.org/tag/tkwidgets/
tmm,28,https://support.bioconductor.org/tag/tmm/
topgo,212,https://support.bioconductor.org/tag/topgo/
toptable,20,https://support.bioconductor.org/tag/toptable/
tpm,34,https://support.bioconductor.org/tag/tpm/
tpp,15,https://support.bioconductor.org/tag/tpp/
trackviewer,14,https://support.bioconductor.org/tag/trackviewer/
training,15,https://support.bioconductor.org/tag/training/
transcriptdb,65,https://support.bioconductor.org/tag/transcriptdb/
transcription,114,https://support.bioconductor.org/tag/transcription/
transcriptomics,50,https://support.bioconductor.org/tag/transcriptomics/
trigger,15,https://support.bioconductor.org/tag/trigger/
tutorial,89,https://support.bioconductor.org/tag/tutorial/
txdb,67,https://support.bioconductor.org/tag/txdb/
txdb.hsapiens.ucsc.hg19.knowngene,23,https://support.bioconductor.org/tag/txdb.hsapiens.ucsc.hg19.knowngene/
txdb.hsapiens.ucsc.hg38.knowngene,15,https://support.bioconductor.org/tag/txdb.hsapiens.ucsc.hg38.knowngene/
tximeta,55,https://support.bioconductor.org/tag/tximeta/
tximport,303,https://support.bioconductor.org/tag/tximport/
tximportdata,26,https://support.bioconductor.org/tag/tximportdata/
ubuntu,19,https://support.bioconductor.org/tag/ubuntu/
ucsc,30,https://support.bioconductor.org/tag/ucsc/
uniprot,20,https://support.bioconductor.org/tag/uniprot/
uniprot.ws,36,https://support.bioconductor.org/tag/uniprot.ws/
update,14,https://support.bioconductor.org/tag/update/
variancepartition,25,https://support.bioconductor.org/tag/variancepartition/
variancestabilizingtransformation,22,https://support.bioconductor.org/tag/variancestabilizingtransformation/
variantannotation,220,https://support.bioconductor.org/tag/variantannotation/
varianttools,15,https://support.bioconductor.org/tag/varianttools/
vcf,56,https://support.bioconductor.org/tag/vcf/
vega,14,https://support.bioconductor.org/tag/vega/
venn diagram,13,https://support.bioconductor.org/tag/venn%20diagram/
vignette,10,https://support.bioconductor.org/tag/vignette/
virtualarray,14,https://support.bioconductor.org/tag/virtualarray/
visualization,156,https://support.bioconductor.org/tag/visualization/
volcanoplot,17,https://support.bioconductor.org/tag/volcanoplot/
voom,168,https://support.bioconductor.org/tag/voom/
voomwithqualityweights,10,https://support.bioconductor.org/tag/voomwithqualityweights/
vranges,10,https://support.bioconductor.org/tag/vranges/
vsn,172,https://support.bioconductor.org/tag/vsn/
vst,41,https://support.bioconductor.org/tag/vst/
wald,10,https://support.bioconductor.org/tag/wald/
warning,11,https://support.bioconductor.org/tag/warning/
warning message,10,https://support.bioconductor.org/tag/warning%20message/
watermelon,10,https://support.bioconductor.org/tag/watermelon/
weaver,14,https://support.bioconductor.org/tag/weaver/
website,25,https://support.bioconductor.org/tag/website/
wgcna,346,https://support.bioconductor.org/tag/wgcna/
wgcna package,15,https://support.bioconductor.org/tag/wgcna%20package/
whole human genome microarray 4x44k,44,https://support.bioconductor.org/tag/whole%20human%20genome%20microarray%204x44k/
widgettools,30,https://support.bioconductor.org/tag/widgettools/
windows,13,https://support.bioconductor.org/tag/windows/
workflows,21,https://support.bioconductor.org/tag/workflows/
workshop,22,https://support.bioconductor.org/tag/workshop/
x11,11,https://support.bioconductor.org/tag/x11/
xcms,79,https://support.bioconductor.org/tag/xcms/
xmapcore,14,https://support.bioconductor.org/tag/xmapcore/
xml,15,https://support.bioconductor.org/tag/xml/
xps,152,https://support.bioconductor.org/tag/xps/
yeast,111,https://support.bioconductor.org/tag/yeast/
zebrafish,53,https://support.bioconductor.org/tag/zebrafish/
