category,count,url
1000 genomes,49,https://www.biostars.org/tag/1000%20genomes/
1000g,37,https://www.biostars.org/tag/1000g/
1000genomes,199,https://www.biostars.org/tag/1000genomes/
10x,237,https://www.biostars.org/tag/10x/
16s,225,https://www.biostars.org/tag/16s/
3d,35,https://www.biostars.org/tag/3d/
450k,75,https://www.biostars.org/tag/450k/
454,51,https://www.biostars.org/tag/454/
absolute,34,https://www.biostars.org/tag/absolute/
abundance,46,https://www.biostars.org/tag/abundance/
abyss,149,https://www.biostars.org/tag/abyss/
accession,34,https://www.biostars.org/tag/accession/
adapter,94,https://www.biostars.org/tag/adapter/
adapters,58,https://www.biostars.org/tag/adapters/
adaptor,42,https://www.biostars.org/tag/adaptor/
admixture,94,https://www.biostars.org/tag/admixture/
af,30,https://www.biostars.org/tag/af/
affy,65,https://www.biostars.org/tag/affy/
affymetrix,357,https://www.biostars.org/tag/affymetrix/
agilent,97,https://www.biostars.org/tag/agilent/
ai,23,https://www.biostars.org/tag/ai/
algorithm,127,https://www.biostars.org/tag/algorithm/
algorithms,33,https://www.biostars.org/tag/algorithms/
align,49,https://www.biostars.org/tag/align/
aligner,85,https://www.biostars.org/tag/aligner/
alignment,7512,https://www.biostars.org/tag/alignment/
allele,163,https://www.biostars.org/tag/allele/
allele frequency,39,https://www.biostars.org/tag/allele%20frequency/
allele-frequency,42,https://www.biostars.org/tag/allele-frequency/
alleles,26,https://www.biostars.org/tag/alleles/
alphafold,39,https://www.biostars.org/tag/alphafold/
alternative,36,https://www.biostars.org/tag/alternative/
alternative splicing,51,https://www.biostars.org/tag/alternative%20splicing/
alternative-splicing,29,https://www.biostars.org/tag/alternative-splicing/
amino-acids,31,https://www.biostars.org/tag/amino-acids/
amplicon,117,https://www.biostars.org/tag/amplicon/
amr,6,https://www.biostars.org/tag/amr/
anaconda,35,https://www.biostars.org/tag/anaconda/
analysis,675,https://www.biostars.org/tag/analysis/
ancestry,42,https://www.biostars.org/tag/ancestry/
and,39,https://www.biostars.org/tag/and/
angsd,33,https://www.biostars.org/tag/angsd/
anndata,11,https://www.biostars.org/tag/anndata/
annotate,29,https://www.biostars.org/tag/annotate/
annotation,2025,https://www.biostars.org/tag/annotation/
annotations,95,https://www.biostars.org/tag/annotations/
annovar,249,https://www.biostars.org/tag/annovar/
anova,60,https://www.biostars.org/tag/anova/
antibody,25,https://www.biostars.org/tag/antibody/
ape,44,https://www.biostars.org/tag/ape/
api,248,https://www.biostars.org/tag/api/
arabidopsis,39,https://www.biostars.org/tag/arabidopsis/
archr,8,https://www.biostars.org/tag/archr/
array,157,https://www.biostars.org/tag/array/
arrayexpress,26,https://www.biostars.org/tag/arrayexpress/
aspera,27,https://www.biostars.org/tag/aspera/
assembler,24,https://www.biostars.org/tag/assembler/
assembly,4905,https://www.biostars.org/tag/assembly/
association,127,https://www.biostars.org/tag/association/
atac,76,https://www.biostars.org/tag/atac/
atac-seq,491,https://www.biostars.org/tag/atac-seq/
atacseq,20,https://www.biostars.org/tag/atacseq/
augustus,91,https://www.biostars.org/tag/augustus/
autodock,55,https://www.biostars.org/tag/autodock/
automation,28,https://www.biostars.org/tag/automation/
awk,489,https://www.biostars.org/tag/awk/
aws,61,https://www.biostars.org/tag/aws/
bacteria,361,https://www.biostars.org/tag/bacteria/
bacterial,50,https://www.biostars.org/tag/bacterial/
ballgown,68,https://www.biostars.org/tag/ballgown/
bam,2161,https://www.biostars.org/tag/bam/
bam-readcount,41,https://www.biostars.org/tag/bam-readcount/
bamtools,29,https://www.biostars.org/tag/bamtools/
barcode,103,https://www.biostars.org/tag/barcode/
barplot,28,https://www.biostars.org/tag/barplot/
bash,708,https://www.biostars.org/tag/bash/
batch,125,https://www.biostars.org/tag/batch/
batch-correction,40,https://www.biostars.org/tag/batch-correction/
batch-effect,279,https://www.biostars.org/tag/batch-effect/
bayesian,40,https://www.biostars.org/tag/bayesian/
bbduk,64,https://www.biostars.org/tag/bbduk/
bbmap,174,https://www.biostars.org/tag/bbmap/
bbtools,53,https://www.biostars.org/tag/bbtools/
bcf,49,https://www.biostars.org/tag/bcf/
bcftools,920,https://www.biostars.org/tag/bcftools/
bcl2fastq,72,https://www.biostars.org/tag/bcl2fastq/
beagle,146,https://www.biostars.org/tag/beagle/
beast,38,https://www.biostars.org/tag/beast/
bed,902,https://www.biostars.org/tag/bed/
bedgraph,88,https://www.biostars.org/tag/bedgraph/
bedops,115,https://www.biostars.org/tag/bedops/
bedtools,863,https://www.biostars.org/tag/bedtools/
beta,28,https://www.biostars.org/tag/beta/
bgen,27,https://www.biostars.org/tag/bgen/
bias,36,https://www.biostars.org/tag/bias/
big-data,45,https://www.biostars.org/tag/big-data/
bigwig,184,https://www.biostars.org/tag/bigwig/
binding,90,https://www.biostars.org/tag/binding/
binning,80,https://www.biostars.org/tag/binning/
bioconda,29,https://www.biostars.org/tag/bioconda/
bioconductor,974,https://www.biostars.org/tag/bioconductor/
bioinformatician,150,https://www.biostars.org/tag/bioinformatician/
bioinformatics,91,https://www.biostars.org/tag/bioinformatics/
biojava,66,https://www.biostars.org/tag/biojava/
biology,176,https://www.biostars.org/tag/biology/
biomarker,33,https://www.biostars.org/tag/biomarker/
biomart,557,https://www.biostars.org/tag/biomart/
biomedical,34,https://www.biostars.org/tag/biomedical/
bioperl,242,https://www.biostars.org/tag/bioperl/
biopython,1303,https://www.biostars.org/tag/biopython/
biostars,158,https://www.biostars.org/tag/biostars/
biostatistics,86,https://www.biostars.org/tag/biostatistics/
biostrings,27,https://www.biostars.org/tag/biostrings/
bismark,90,https://www.biostars.org/tag/bismark/
bisulfite,55,https://www.biostars.org/tag/bisulfite/
blast,3112,https://www.biostars.org/tag/blast/
blast+,66,https://www.biostars.org/tag/blast+/
blast2go,49,https://www.biostars.org/tag/blast2go/
blastn,241,https://www.biostars.org/tag/blastn/
blastp,149,https://www.biostars.org/tag/blastp/
blastx,82,https://www.biostars.org/tag/blastx/
blat,104,https://www.biostars.org/tag/blat/
blog,75,https://www.biostars.org/tag/blog/
books,33,https://www.biostars.org/tag/books/
bootstrap,44,https://www.biostars.org/tag/bootstrap/
bowtie,461,https://www.biostars.org/tag/bowtie/
bowtie2,644,https://www.biostars.org/tag/bowtie2/
boxplot,49,https://www.biostars.org/tag/boxplot/
bqsr,38,https://www.biostars.org/tag/bqsr/
breakdancer,65,https://www.biostars.org/tag/breakdancer/
browser,87,https://www.biostars.org/tag/browser/
bs-seq,49,https://www.biostars.org/tag/bs-seq/
bulk,41,https://www.biostars.org/tag/bulk/
busco,69,https://www.biostars.org/tag/busco/
bwa,969,https://www.biostars.org/tag/bwa/
bwa mem,25,https://www.biostars.org/tag/bwa%20mem/
bwa-mem,73,https://www.biostars.org/tag/bwa-mem/
c,78,https://www.biostars.org/tag/c/
calling,177,https://www.biostars.org/tag/calling/
cancer,687,https://www.biostars.org/tag/cancer/
cancer-genomics,35,https://www.biostars.org/tag/cancer-genomics/
canu,35,https://www.biostars.org/tag/canu/
career,251,https://www.biostars.org/tag/career/
cbioportal,73,https://www.biostars.org/tag/cbioportal/
ccle,37,https://www.biostars.org/tag/ccle/
cd-hit,48,https://www.biostars.org/tag/cd-hit/
cdna,81,https://www.biostars.org/tag/cdna/
cds,172,https://www.biostars.org/tag/cds/
cell,208,https://www.biostars.org/tag/cell/
cell-line,40,https://www.biostars.org/tag/cell-line/
cellchat,7,https://www.biostars.org/tag/cellchat/
cellranger,205,https://www.biostars.org/tag/cellranger/
champ,31,https://www.biostars.org/tag/champ/
chemoinformatics,31,https://www.biostars.org/tag/chemoinformatics/
chimera,33,https://www.biostars.org/tag/chimera/
chip,55,https://www.biostars.org/tag/chip/
chip-seq,3157,https://www.biostars.org/tag/chip-seq/
chipseeker,63,https://www.biostars.org/tag/chipseeker/
chipseq,173,https://www.biostars.org/tag/chipseq/
chromhmm,7,https://www.biostars.org/tag/chromhmm/
chromosome,212,https://www.biostars.org/tag/chromosome/
cibersort,42,https://www.biostars.org/tag/cibersort/
cibersortx,52,https://www.biostars.org/tag/cibersortx/
cigar,64,https://www.biostars.org/tag/cigar/
circos,98,https://www.biostars.org/tag/circos/
circrna,36,https://www.biostars.org/tag/circrna/
classification,143,https://www.biostars.org/tag/classification/
clinical,51,https://www.biostars.org/tag/clinical/
clinvar,72,https://www.biostars.org/tag/clinvar/
clip-seq,29,https://www.biostars.org/tag/clip-seq/
cloud,88,https://www.biostars.org/tag/cloud/
clustal,42,https://www.biostars.org/tag/clustal/
clustalw,84,https://www.biostars.org/tag/clustalw/
cluster,161,https://www.biostars.org/tag/cluster/
clustering,608,https://www.biostars.org/tag/clustering/
clusterprofiler,232,https://www.biostars.org/tag/clusterprofiler/
clusters,26,https://www.biostars.org/tag/clusters/
cmap,29,https://www.biostars.org/tag/cmap/
cna,76,https://www.biostars.org/tag/cna/
cnv,990,https://www.biostars.org/tag/cnv/
cnvkit,186,https://www.biostars.org/tag/cnvkit/
co-expression,53,https://www.biostars.org/tag/co-expression/
code,79,https://www.biostars.org/tag/code/
codeml,111,https://www.biostars.org/tag/codeml/
coding,63,https://www.biostars.org/tag/coding/
codon,84,https://www.biostars.org/tag/codon/
coexpression,42,https://www.biostars.org/tag/coexpression/
cog,45,https://www.biostars.org/tag/cog/
combat,88,https://www.biostars.org/tag/combat/
combat-seq,6,https://www.biostars.org/tag/combat-seq/
command,47,https://www.biostars.org/tag/command/
command line,38,https://www.biostars.org/tag/command%20line/
command-line,77,https://www.biostars.org/tag/command-line/
common-workflow-language,27,https://www.biostars.org/tag/common-workflow-language/
comparative,58,https://www.biostars.org/tag/comparative/
comparative-genomics,36,https://www.biostars.org/tag/comparative-genomics/
comparison,104,https://www.biostars.org/tag/comparison/
complexheatmap,83,https://www.biostars.org/tag/complexheatmap/
computational,52,https://www.biostars.org/tag/computational/
computational-biology,133,https://www.biostars.org/tag/computational-biology/
conda,181,https://www.biostars.org/tag/conda/
conference,67,https://www.biostars.org/tag/conference/
consensus,162,https://www.biostars.org/tag/consensus/
conservation,108,https://www.biostars.org/tag/conservation/
contamination,72,https://www.biostars.org/tag/contamination/
contig,78,https://www.biostars.org/tag/contig/
contigs,165,https://www.biostars.org/tag/contigs/
control,52,https://www.biostars.org/tag/control/
conversion,266,https://www.biostars.org/tag/conversion/
coordinates,148,https://www.biostars.org/tag/coordinates/
copy,36,https://www.biostars.org/tag/copy/
copy number,51,https://www.biostars.org/tag/copy%20number/
copy-number,40,https://www.biostars.org/tag/copy-number/
copynumber,47,https://www.biostars.org/tag/copynumber/
correction,36,https://www.biostars.org/tag/correction/
correlation,295,https://www.biostars.org/tag/correlation/
cosmic,53,https://www.biostars.org/tag/cosmic/
count,101,https://www.biostars.org/tag/count/
counts,137,https://www.biostars.org/tag/counts/
course,50,https://www.biostars.org/tag/course/
covariates,7,https://www.biostars.org/tag/covariates/
coverage,524,https://www.biostars.org/tag/coverage/
covid-19,35,https://www.biostars.org/tag/covid-19/
cox,38,https://www.biostars.org/tag/cox/
cpg,68,https://www.biostars.org/tag/cpg/
cpp,47,https://www.biostars.org/tag/cpp/
cram,83,https://www.biostars.org/tag/cram/
crispr,118,https://www.biostars.org/tag/crispr/
csv,78,https://www.biostars.org/tag/csv/
cuffdiff,229,https://www.biostars.org/tag/cuffdiff/
cufflinks,428,https://www.biostars.org/tag/cufflinks/
cuffmerge,83,https://www.biostars.org/tag/cuffmerge/
cummerbund,78,https://www.biostars.org/tag/cummerbund/
cutadapt,163,https://www.biostars.org/tag/cutadapt/
cwl,253,https://www.biostars.org/tag/cwl/
cytoscape,454,https://www.biostars.org/tag/cytoscape/
dada2,54,https://www.biostars.org/tag/dada2/
data,567,https://www.biostars.org/tag/data/
data-analysis,100,https://www.biostars.org/tag/data-analysis/
data-integration,7,https://www.biostars.org/tag/data-integration/
data-science,95,https://www.biostars.org/tag/data-science/
database,1086,https://www.biostars.org/tag/database/
databases,105,https://www.biostars.org/tag/databases/
dataframe,94,https://www.biostars.org/tag/dataframe/
dataset,156,https://www.biostars.org/tag/dataset/
datasets,43,https://www.biostars.org/tag/datasets/
david,94,https://www.biostars.org/tag/david/
dbgap,25,https://www.biostars.org/tag/dbgap/
dbsnp,293,https://www.biostars.org/tag/dbsnp/
de,139,https://www.biostars.org/tag/de/
de novo,77,https://www.biostars.org/tag/de%20novo/
de novo assembly,28,https://www.biostars.org/tag/de%20novo%20assembly/
deconvolution,83,https://www.biostars.org/tag/deconvolution/
deduplication,7,https://www.biostars.org/tag/deduplication/
deep-learning,46,https://www.biostars.org/tag/deep-learning/
deeptools,256,https://www.biostars.org/tag/deeptools/
deepvariant,32,https://www.biostars.org/tag/deepvariant/
deg,289,https://www.biostars.org/tag/deg/
degs,114,https://www.biostars.org/tag/degs/
deleted-post,130,https://www.biostars.org/tag/deleted-post/
deletion,38,https://www.biostars.org/tag/deletion/
delly,32,https://www.biostars.org/tag/delly/
demultiplex,62,https://www.biostars.org/tag/demultiplex/
demultiplexing,95,https://www.biostars.org/tag/demultiplexing/
denovo,156,https://www.biostars.org/tag/denovo/
depth,102,https://www.biostars.org/tag/depth/
depth-of-coverage,32,https://www.biostars.org/tag/depth-of-coverage/
deseq,268,https://www.biostars.org/tag/deseq/
deseq2,1798,https://www.biostars.org/tag/deseq2/
design,89,https://www.biostars.org/tag/design/
dexseq,86,https://www.biostars.org/tag/dexseq/
dge,147,https://www.biostars.org/tag/dge/
diamond,71,https://www.biostars.org/tag/diamond/
dictionary,34,https://www.biostars.org/tag/dictionary/
diffbind,208,https://www.biostars.org/tag/diffbind/
differential,229,https://www.biostars.org/tag/differential/
differential expression,169,https://www.biostars.org/tag/differential%20expression/
differential-expression,208,https://www.biostars.org/tag/differential-expression/
differential-expression-analysis,7,https://www.biostars.org/tag/differential-expression-analysis/
differential-gene-expression,85,https://www.biostars.org/tag/differential-gene-expression/
discosnp,57,https://www.biostars.org/tag/discosnp/
disease,95,https://www.biostars.org/tag/disease/
distance,90,https://www.biostars.org/tag/distance/
distribution,45,https://www.biostars.org/tag/distribution/
diversity,29,https://www.biostars.org/tag/diversity/
dmr,45,https://www.biostars.org/tag/dmr/
dn/ds,25,https://www.biostars.org/tag/dn/ds/
dna,675,https://www.biostars.org/tag/dna/
dna methylation,57,https://www.biostars.org/tag/dna%20methylation/
dna-methylation,48,https://www.biostars.org/tag/dna-methylation/
dna-seq,229,https://www.biostars.org/tag/dna-seq/
dnase-seq,32,https://www.biostars.org/tag/dnase-seq/
dnaseq,83,https://www.biostars.org/tag/dnaseq/
docker,132,https://www.biostars.org/tag/docker/
docking,225,https://www.biostars.org/tag/docking/
domain,105,https://www.biostars.org/tag/domain/
domains,33,https://www.biostars.org/tag/domains/
dorado,11,https://www.biostars.org/tag/dorado/
dotplot,45,https://www.biostars.org/tag/dotplot/
dplyr,31,https://www.biostars.org/tag/dplyr/
drosophila,33,https://www.biostars.org/tag/drosophila/
drug,121,https://www.biostars.org/tag/drug/
drugbank,24,https://www.biostars.org/tag/drugbank/
dssp,26,https://www.biostars.org/tag/dssp/
duplicate,43,https://www.biostars.org/tag/duplicate/
duplicates,115,https://www.biostars.org/tag/duplicates/
duplication,53,https://www.biostars.org/tag/duplication/
e.coli,30,https://www.biostars.org/tag/e.coli/
ebi,47,https://www.biostars.org/tag/ebi/
edger,708,https://www.biostars.org/tag/edger/
edirect,36,https://www.biostars.org/tag/edirect/
education,112,https://www.biostars.org/tag/education/
efetch,77,https://www.biostars.org/tag/efetch/
effect,9,https://www.biostars.org/tag/effect/
eggnog,42,https://www.biostars.org/tag/eggnog/
embl,37,https://www.biostars.org/tag/embl/
emboss,51,https://www.biostars.org/tag/emboss/
ena,64,https://www.biostars.org/tag/ena/
encode,201,https://www.biostars.org/tag/encode/
enhancedvolcano,60,https://www.biostars.org/tag/enhancedvolcano/
enhancer,60,https://www.biostars.org/tag/enhancer/
enhancers,38,https://www.biostars.org/tag/enhancers/
enrichment,432,https://www.biostars.org/tag/enrichment/
enrichment analysis,41,https://www.biostars.org/tag/enrichment%20analysis/
enrichment-analysis,28,https://www.biostars.org/tag/enrichment-analysis/
enrichr,38,https://www.biostars.org/tag/enrichr/
ensembl,1212,https://www.biostars.org/tag/ensembl/
entrez,305,https://www.biostars.org/tag/entrez/
enzyme,69,https://www.biostars.org/tag/enzyme/
epic,56,https://www.biostars.org/tag/epic/
epigenetics,111,https://www.biostars.org/tag/epigenetics/
epigenomics,63,https://www.biostars.org/tag/epigenomics/
eqtl,143,https://www.biostars.org/tag/eqtl/
error,329,https://www.biostars.org/tag/error/
esearch,47,https://www.biostars.org/tag/esearch/
est,41,https://www.biostars.org/tag/est/
ete3,28,https://www.biostars.org/tag/ete3/
eutils,97,https://www.biostars.org/tag/eutils/
evolution,221,https://www.biostars.org/tag/evolution/
excel,74,https://www.biostars.org/tag/excel/
exome,442,https://www.biostars.org/tag/exome/
exome-seq,31,https://www.biostars.org/tag/exome-seq/
exome-sequencing,72,https://www.biostars.org/tag/exome-sequencing/
exon,263,https://www.biostars.org/tag/exon/
exonerate,39,https://www.biostars.org/tag/exonerate/
exons,59,https://www.biostars.org/tag/exons/
expression,634,https://www.biostars.org/tag/expression/
extract,74,https://www.biostars.org/tag/extract/
extraction,52,https://www.biostars.org/tag/extraction/
fasta,1967,https://www.biostars.org/tag/fasta/
fastp,65,https://www.biostars.org/tag/fastp/
fastq,1490,https://www.biostars.org/tag/fastq/
fastq-dump,85,https://www.biostars.org/tag/fastq-dump/
fastqc,533,https://www.biostars.org/tag/fastqc/
fastx,47,https://www.biostars.org/tag/fastx/
fdr,61,https://www.biostars.org/tag/fdr/
feature,55,https://www.biostars.org/tag/feature/
featurecount,33,https://www.biostars.org/tag/featurecount/
featurecounts,298,https://www.biostars.org/tag/featurecounts/
fgsea,43,https://www.biostars.org/tag/fgsea/
file,35,https://www.biostars.org/tag/file/
filter,227,https://www.biostars.org/tag/filter/
filtering,231,https://www.biostars.org/tag/filtering/
fimo,41,https://www.biostars.org/tag/fimo/
fisher,25,https://www.biostars.org/tag/fisher/
flye,8,https://www.biostars.org/tag/flye/
fold change,25,https://www.biostars.org/tag/fold%20change/
fold-change,36,https://www.biostars.org/tag/fold-change/
format,222,https://www.biostars.org/tag/format/
fpkm,213,https://www.biostars.org/tag/fpkm/
freebayes,135,https://www.biostars.org/tag/freebayes/
frequency,93,https://www.biostars.org/tag/frequency/
fst,123,https://www.biostars.org/tag/fst/
ftp,58,https://www.biostars.org/tag/ftp/
function,95,https://www.biostars.org/tag/function/
functional,61,https://www.biostars.org/tag/functional/
fungi,47,https://www.biostars.org/tag/fungi/
fungus,12,https://www.biostars.org/tag/fungus/
fusion,67,https://www.biostars.org/tag/fusion/
gage,39,https://www.biostars.org/tag/gage/
galaxy,511,https://www.biostars.org/tag/galaxy/
gatb,44,https://www.biostars.org/tag/gatb/
gatk,1544,https://www.biostars.org/tag/gatk/
gatk4,53,https://www.biostars.org/tag/gatk4/
gbs,68,https://www.biostars.org/tag/gbs/
gc,65,https://www.biostars.org/tag/gc/
gcta,43,https://www.biostars.org/tag/gcta/
gdc,124,https://www.biostars.org/tag/gdc/
genbank,398,https://www.biostars.org/tag/genbank/
gencode,83,https://www.biostars.org/tag/gencode/
gene,5716,https://www.biostars.org/tag/gene/
gene annotation,33,https://www.biostars.org/tag/gene%20annotation/
gene expression,222,https://www.biostars.org/tag/gene%20expression/
gene ontology,163,https://www.biostars.org/tag/gene%20ontology/
gene prediction,49,https://www.biostars.org/tag/gene%20prediction/
gene symbol,27,https://www.biostars.org/tag/gene%20symbol/
gene-annotation,36,https://www.biostars.org/tag/gene-annotation/
gene-expression,287,https://www.biostars.org/tag/gene-expression/
gene-ontology,145,https://www.biostars.org/tag/gene-ontology/
geneexpression,40,https://www.biostars.org/tag/geneexpression/
geneid,34,https://www.biostars.org/tag/geneid/
geneontology,28,https://www.biostars.org/tag/geneontology/
general,35,https://www.biostars.org/tag/general/
genes,378,https://www.biostars.org/tag/genes/
genetic,45,https://www.biostars.org/tag/genetic/
genetics,364,https://www.biostars.org/tag/genetics/
genome,8487,https://www.biostars.org/tag/genome/
genome annotation,29,https://www.biostars.org/tag/genome%20annotation/
genome assembly,35,https://www.biostars.org/tag/genome%20assembly/
genome browser,32,https://www.biostars.org/tag/genome%20browser/
genome-annotation,8,https://www.biostars.org/tag/genome-annotation/
genome-assembly,52,https://www.biostars.org/tag/genome-assembly/
genome-browser,61,https://www.biostars.org/tag/genome-browser/
genomeassembly,7,https://www.biostars.org/tag/genomeassembly/
genomes,73,https://www.biostars.org/tag/genomes/
genomic,121,https://www.biostars.org/tag/genomic/
genomicfeatures,34,https://www.biostars.org/tag/genomicfeatures/
genomicranges,82,https://www.biostars.org/tag/genomicranges/
genomics,1355,https://www.biostars.org/tag/genomics/
genotype,310,https://www.biostars.org/tag/genotype/
genotypes,55,https://www.biostars.org/tag/genotypes/
genotyping,245,https://www.biostars.org/tag/genotyping/
geo,437,https://www.biostars.org/tag/geo/
geo2r,53,https://www.biostars.org/tag/geo2r/
geoquery,69,https://www.biostars.org/tag/geoquery/
germline,76,https://www.biostars.org/tag/germline/
gff,452,https://www.biostars.org/tag/gff/
gff3,203,https://www.biostars.org/tag/gff3/
gffread,25,https://www.biostars.org/tag/gffread/
ggplot,131,https://www.biostars.org/tag/ggplot/
ggplot2,246,https://www.biostars.org/tag/ggplot2/
ggtree,54,https://www.biostars.org/tag/ggtree/
giraffe,35,https://www.biostars.org/tag/giraffe/
gistic,58,https://www.biostars.org/tag/gistic/
git,8,https://www.biostars.org/tag/git/
github,35,https://www.biostars.org/tag/github/
glm,54,https://www.biostars.org/tag/glm/
gnomad,146,https://www.biostars.org/tag/gnomad/
go,593,https://www.biostars.org/tag/go/
go terms,29,https://www.biostars.org/tag/go%20terms/
goseq,48,https://www.biostars.org/tag/goseq/
gpu,8,https://www.biostars.org/tag/gpu/
granges,83,https://www.biostars.org/tag/granges/
graph,122,https://www.biostars.org/tag/graph/
graphs,45,https://www.biostars.org/tag/graphs/
grch37,43,https://www.biostars.org/tag/grch37/
grch38,66,https://www.biostars.org/tag/grch38/
grep,156,https://www.biostars.org/tag/grep/
grn,32,https://www.biostars.org/tag/grn/
gromacs,56,https://www.biostars.org/tag/gromacs/
gse,31,https://www.biostars.org/tag/gse/
gsea,518,https://www.biostars.org/tag/gsea/
gsva,70,https://www.biostars.org/tag/gsva/
gtex,108,https://www.biostars.org/tag/gtex/
gtf,539,https://www.biostars.org/tag/gtf/
guppy,27,https://www.biostars.org/tag/guppy/
gvcf,73,https://www.biostars.org/tag/gvcf/
gviz,37,https://www.biostars.org/tag/gviz/
gwas,1338,https://www.biostars.org/tag/gwas/
haploid,27,https://www.biostars.org/tag/haploid/
haplotype,229,https://www.biostars.org/tag/haplotype/
haplotypecaller,112,https://www.biostars.org/tag/haplotypecaller/
haplotypes,50,https://www.biostars.org/tag/haplotypes/
haploview,76,https://www.biostars.org/tag/haploview/
hapmap,82,https://www.biostars.org/tag/hapmap/
hardware,59,https://www.biostars.org/tag/hardware/
harmony,36,https://www.biostars.org/tag/harmony/
header,83,https://www.biostars.org/tag/header/
heatmap,560,https://www.biostars.org/tag/heatmap/
heatmap.2,33,https://www.biostars.org/tag/heatmap.2/
help,8,https://www.biostars.org/tag/help/
herald,155,https://www.biostars.org/tag/herald/
heterozygosity,45,https://www.biostars.org/tag/heterozygosity/
hg,25,https://www.biostars.org/tag/hg/
hg19,154,https://www.biostars.org/tag/hg19/
hg38,116,https://www.biostars.org/tag/hg38/
hgvs,51,https://www.biostars.org/tag/hgvs/
hi-c,135,https://www.biostars.org/tag/hi-c/
hifi,7,https://www.biostars.org/tag/hifi/
hifiasm,9,https://www.biostars.org/tag/hifiasm/
hisat,44,https://www.biostars.org/tag/hisat/
hisat2,364,https://www.biostars.org/tag/hisat2/
hiseq,60,https://www.biostars.org/tag/hiseq/
hla,63,https://www.biostars.org/tag/hla/
hmm,124,https://www.biostars.org/tag/hmm/
hmmer,153,https://www.biostars.org/tag/hmmer/
homer,226,https://www.biostars.org/tag/homer/
homework,50,https://www.biostars.org/tag/homework/
homology,167,https://www.biostars.org/tag/homology/
hpc,124,https://www.biostars.org/tag/hpc/
htseq,229,https://www.biostars.org/tag/htseq/
htseq-count,120,https://www.biostars.org/tag/htseq-count/
htslib,58,https://www.biostars.org/tag/htslib/
human,317,https://www.biostars.org/tag/human/
icgc,61,https://www.biostars.org/tag/icgc/
id,116,https://www.biostars.org/tag/id/
identifiers,62,https://www.biostars.org/tag/identifiers/
identity,29,https://www.biostars.org/tag/identity/
igb,65,https://www.biostars.org/tag/igb/
igraph,45,https://www.biostars.org/tag/igraph/
igv,542,https://www.biostars.org/tag/igv/
illumina,1196,https://www.biostars.org/tag/illumina/
immunology,42,https://www.biostars.org/tag/immunology/
imputation,352,https://www.biostars.org/tag/imputation/
impute,34,https://www.biostars.org/tag/impute/
impute2,77,https://www.biostars.org/tag/impute2/
indel,258,https://www.biostars.org/tag/indel/
indels,90,https://www.biostars.org/tag/indels/
index,208,https://www.biostars.org/tag/index/
indexing,38,https://www.biostars.org/tag/indexing/
input,29,https://www.biostars.org/tag/input/
install,57,https://www.biostars.org/tag/install/
installation,113,https://www.biostars.org/tag/installation/
integration,93,https://www.biostars.org/tag/integration/
interaction,169,https://www.biostars.org/tag/interaction/
interactions,31,https://www.biostars.org/tag/interactions/
intergenic,27,https://www.biostars.org/tag/intergenic/
internship,36,https://www.biostars.org/tag/internship/
interpro,26,https://www.biostars.org/tag/interpro/
interproscan,52,https://www.biostars.org/tag/interproscan/
intersect,84,https://www.biostars.org/tag/intersect/
intron,115,https://www.biostars.org/tag/intron/
ion-torrent,43,https://www.biostars.org/tag/ion-torrent/
iontorrent,32,https://www.biostars.org/tag/iontorrent/
ipa,28,https://www.biostars.org/tag/ipa/
isoform,94,https://www.biostars.org/tag/isoform/
isoforms,47,https://www.biostars.org/tag/isoforms/
isoseq,7,https://www.biostars.org/tag/isoseq/
jaspar,32,https://www.biostars.org/tag/jaspar/
java,340,https://www.biostars.org/tag/java/
javascript,56,https://www.biostars.org/tag/javascript/
jbrowse,27,https://www.biostars.org/tag/jbrowse/
jellyfish,55,https://www.biostars.org/tag/jellyfish/
json,30,https://www.biostars.org/tag/json/
k-mer,54,https://www.biostars.org/tag/k-mer/
kallisto,257,https://www.biostars.org/tag/kallisto/
kegg,554,https://www.biostars.org/tag/kegg/
kinship,27,https://www.biostars.org/tag/kinship/
kissplice,48,https://www.biostars.org/tag/kissplice/
kmer,121,https://www.biostars.org/tag/kmer/
kmergenie,39,https://www.biostars.org/tag/kmergenie/
kraken,74,https://www.biostars.org/tag/kraken/
kraken2,96,https://www.biostars.org/tag/kraken2/
ld,199,https://www.biostars.org/tag/ld/
learning,84,https://www.biostars.org/tag/learning/
length,67,https://www.biostars.org/tag/length/
libraries,17,https://www.biostars.org/tag/libraries/
library,101,https://www.biostars.org/tag/library/
liftover,160,https://www.biostars.org/tag/liftover/
ligand,39,https://www.biostars.org/tag/ligand/
limma,691,https://www.biostars.org/tag/limma/
line,30,https://www.biostars.org/tag/line/
linkage,99,https://www.biostars.org/tag/linkage/
linkage disequilibrium,35,https://www.biostars.org/tag/linkage%20disequilibrium/
linux,743,https://www.biostars.org/tag/linux/
list,54,https://www.biostars.org/tag/list/
literature,46,https://www.biostars.org/tag/literature/
lncrna,200,https://www.biostars.org/tag/lncrna/
local,56,https://www.biostars.org/tag/local/
loh,25,https://www.biostars.org/tag/loh/
long-read,53,https://www.biostars.org/tag/long-read/
long-reads,61,https://www.biostars.org/tag/long-reads/
loop,90,https://www.biostars.org/tag/loop/
lositan,52,https://www.biostars.org/tag/lositan/
m6a,8,https://www.biostars.org/tag/m6a/
mac,41,https://www.biostars.org/tag/mac/
machine,69,https://www.biostars.org/tag/machine/
machine learning,102,https://www.biostars.org/tag/machine%20learning/
machine-learning,300,https://www.biostars.org/tag/machine-learning/
machinelearning,38,https://www.biostars.org/tag/machinelearning/
macs,114,https://www.biostars.org/tag/macs/
macs2,240,https://www.biostars.org/tag/macs2/
macs3,7,https://www.biostars.org/tag/macs3/
maf,278,https://www.biostars.org/tag/maf/
mafft,45,https://www.biostars.org/tag/mafft/
maftools,48,https://www.biostars.org/tag/maftools/
mageck,12,https://www.biostars.org/tag/mageck/
makeblastdb,69,https://www.biostars.org/tag/makeblastdb/
maker,98,https://www.biostars.org/tag/maker/
manhattan,32,https://www.biostars.org/tag/manhattan/
manta,6,https://www.biostars.org/tag/manta/
map,128,https://www.biostars.org/tag/map/
mapping,935,https://www.biostars.org/tag/mapping/
mapq,34,https://www.biostars.org/tag/mapq/
markduplicates,81,https://www.biostars.org/tag/markduplicates/
masking,28,https://www.biostars.org/tag/masking/
mass-spec,30,https://www.biostars.org/tag/mass-spec/
mass-spectrometry,32,https://www.biostars.org/tag/mass-spectrometry/
masters,39,https://www.biostars.org/tag/masters/
masurca,34,https://www.biostars.org/tag/masurca/
match,27,https://www.biostars.org/tag/match/
matlab,92,https://www.biostars.org/tag/matlab/
matplotlib,29,https://www.biostars.org/tag/matplotlib/
matrix,208,https://www.biostars.org/tag/matrix/
mauve,63,https://www.biostars.org/tag/mauve/
md,32,https://www.biostars.org/tag/md/
mega,60,https://www.biostars.org/tag/mega/
megahit,28,https://www.biostars.org/tag/megahit/
megan,54,https://www.biostars.org/tag/megan/
meme,129,https://www.biostars.org/tag/meme/
memory,68,https://www.biostars.org/tag/memory/
merge,223,https://www.biostars.org/tag/merge/
merging,38,https://www.biostars.org/tag/merging/
meta,243,https://www.biostars.org/tag/meta/
meta-analysis,128,https://www.biostars.org/tag/meta-analysis/
metabarcoding,65,https://www.biostars.org/tag/metabarcoding/
metabolomics,114,https://www.biostars.org/tag/metabolomics/
metadata,86,https://www.biostars.org/tag/metadata/
metagenome,210,https://www.biostars.org/tag/metagenome/
metagenomic,87,https://www.biostars.org/tag/metagenomic/
metagenomics,833,https://www.biostars.org/tag/metagenomics/
metal,28,https://www.biostars.org/tag/metal/
metatranscriptomics,73,https://www.biostars.org/tag/metatranscriptomics/
methylation,692,https://www.biostars.org/tag/methylation/
methylkit,43,https://www.biostars.org/tag/methylkit/
mg-rast,34,https://www.biostars.org/tag/mg-rast/
microarray,1624,https://www.biostars.org/tag/microarray/
microarrays,45,https://www.biostars.org/tag/microarrays/
microbiology,41,https://www.biostars.org/tag/microbiology/
microbiome,255,https://www.biostars.org/tag/microbiome/
microrna,139,https://www.biostars.org/tag/microrna/
minfi,74,https://www.biostars.org/tag/minfi/
minia,43,https://www.biostars.org/tag/minia/
minimap2,108,https://www.biostars.org/tag/minimap2/
minion,58,https://www.biostars.org/tag/minion/
mira,41,https://www.biostars.org/tag/mira/
mirbase,50,https://www.biostars.org/tag/mirbase/
mirdeep2,116,https://www.biostars.org/tag/mirdeep2/
mirna,726,https://www.biostars.org/tag/mirna/
mirna-seq,56,https://www.biostars.org/tag/mirna-seq/
mirnas,33,https://www.biostars.org/tag/mirnas/
mirnaseq,29,https://www.biostars.org/tag/mirnaseq/
miseq,120,https://www.biostars.org/tag/miseq/
mismatch,32,https://www.biostars.org/tag/mismatch/
miso,28,https://www.biostars.org/tag/miso/
mitochondria,83,https://www.biostars.org/tag/mitochondria/
mitochondrial,32,https://www.biostars.org/tag/mitochondrial/
ml,46,https://www.biostars.org/tag/ml/
mm10,25,https://www.biostars.org/tag/mm10/
model,106,https://www.biostars.org/tag/model/
modeling,119,https://www.biostars.org/tag/modeling/
modelling,38,https://www.biostars.org/tag/modelling/
module,35,https://www.biostars.org/tag/module/
molecular,72,https://www.biostars.org/tag/molecular/
monocle,37,https://www.biostars.org/tag/monocle/
monocle3,48,https://www.biostars.org/tag/monocle3/
mothur,54,https://www.biostars.org/tag/mothur/
motif,383,https://www.biostars.org/tag/motif/
motifs,41,https://www.biostars.org/tag/motifs/
mouse,189,https://www.biostars.org/tag/mouse/
mpileup,284,https://www.biostars.org/tag/mpileup/
mrbayes,54,https://www.biostars.org/tag/mrbayes/
mrna,167,https://www.biostars.org/tag/mrna/
msa,248,https://www.biostars.org/tag/msa/
mtdna,62,https://www.biostars.org/tag/mtdna/
multi-omics,41,https://www.biostars.org/tag/multi-omics/
multiome,7,https://www.biostars.org/tag/multiome/
multiomics,49,https://www.biostars.org/tag/multiomics/
multiple,193,https://www.biostars.org/tag/multiple/
multiple-alignment,45,https://www.biostars.org/tag/multiple-alignment/
multiple-sequence-alignment,53,https://www.biostars.org/tag/multiple-sequence-alignment/
multiqc,66,https://www.biostars.org/tag/multiqc/
mummer,69,https://www.biostars.org/tag/mummer/
muscle,51,https://www.biostars.org/tag/muscle/
music,93,https://www.biostars.org/tag/music/
mutation,437,https://www.biostars.org/tag/mutation/
mutations,115,https://www.biostars.org/tag/mutations/
mutect,44,https://www.biostars.org/tag/mutect/
mutect2,133,https://www.biostars.org/tag/mutect2/
mysql,122,https://www.biostars.org/tag/mysql/
nanopore,462,https://www.biostars.org/tag/nanopore/
nanostring,25,https://www.biostars.org/tag/nanostring/
ncbi,1469,https://www.biostars.org/tag/ncbi/
ncrna,46,https://www.biostars.org/tag/ncrna/
network,408,https://www.biostars.org/tag/network/
networks,77,https://www.biostars.org/tag/networks/
neuroscience,32,https://www.biostars.org/tag/neuroscience/
newick,51,https://www.biostars.org/tag/newick/
next-gen,5755,https://www.biostars.org/tag/next-gen/
next-gen-sequencing,548,https://www.biostars.org/tag/next-gen-sequencing/
nextflow,162,https://www.biostars.org/tag/nextflow/
nexus,29,https://www.biostars.org/tag/nexus/
nf-core,33,https://www.biostars.org/tag/nf-core/
ngs,2176,https://www.biostars.org/tag/ngs/
non,27,https://www.biostars.org/tag/non/
normalisation,78,https://www.biostars.org/tag/normalisation/
normalization,650,https://www.biostars.org/tag/normalization/
novaseq,30,https://www.biostars.org/tag/novaseq/
nt,29,https://www.biostars.org/tag/nt/
nucleotide,113,https://www.biostars.org/tag/nucleotide/
nucmer,31,https://www.biostars.org/tag/nucmer/
number,47,https://www.biostars.org/tag/number/
of,35,https://www.biostars.org/tag/of/
off,26,https://www.biostars.org/tag/off/
offtopic,159,https://www.biostars.org/tag/offtopic/
oligo,32,https://www.biostars.org/tag/oligo/
oma,130,https://www.biostars.org/tag/oma/
omics,128,https://www.biostars.org/tag/omics/
omim,32,https://www.biostars.org/tag/omim/
oncology,31,https://www.biostars.org/tag/oncology/
online,26,https://www.biostars.org/tag/online/
ont,120,https://www.biostars.org/tag/ont/
ontology,203,https://www.biostars.org/tag/ontology/
open-source,28,https://www.biostars.org/tag/open-source/
ora,6,https://www.biostars.org/tag/ora/
orf,90,https://www.biostars.org/tag/orf/
orthofinder,52,https://www.biostars.org/tag/orthofinder/
orthologs,113,https://www.biostars.org/tag/orthologs/
orthologues,37,https://www.biostars.org/tag/orthologues/
orthomcl,78,https://www.biostars.org/tag/orthomcl/
outliers,29,https://www.biostars.org/tag/outliers/
output,92,https://www.biostars.org/tag/output/
overlap,90,https://www.biostars.org/tag/overlap/
p-value,185,https://www.biostars.org/tag/p-value/
pacbio,440,https://www.biostars.org/tag/pacbio/
package,51,https://www.biostars.org/tag/package/
page,29,https://www.biostars.org/tag/page/
paired,123,https://www.biostars.org/tag/paired/
paired end,33,https://www.biostars.org/tag/paired%20end/
paired-end,285,https://www.biostars.org/tag/paired-end/
pairwise,67,https://www.biostars.org/tag/pairwise/
paml,150,https://www.biostars.org/tag/paml/
pandas,87,https://www.biostars.org/tag/pandas/
pangenome,112,https://www.biostars.org/tag/pangenome/
panther,26,https://www.biostars.org/tag/panther/
papers,41,https://www.biostars.org/tag/papers/
parallel,142,https://www.biostars.org/tag/parallel/
parse,40,https://www.biostars.org/tag/parse/
parser,32,https://www.biostars.org/tag/parser/
parsing,166,https://www.biostars.org/tag/parsing/
pathview,34,https://www.biostars.org/tag/pathview/
pathway,431,https://www.biostars.org/tag/pathway/
pathway analysis,53,https://www.biostars.org/tag/pathway%20analysis/
pathway-analysis,39,https://www.biostars.org/tag/pathway-analysis/
pathways,122,https://www.biostars.org/tag/pathways/
pca,497,https://www.biostars.org/tag/pca/
pcr,182,https://www.biostars.org/tag/pcr/
pdb,451,https://www.biostars.org/tag/pdb/
peak,60,https://www.biostars.org/tag/peak/
peak calling,39,https://www.biostars.org/tag/peak%20calling/
peak-calling,92,https://www.biostars.org/tag/peak-calling/
peaks,66,https://www.biostars.org/tag/peaks/
ped,102,https://www.biostars.org/tag/ped/
pedigree,33,https://www.biostars.org/tag/pedigree/
peptide,54,https://www.biostars.org/tag/peptide/
perl,947,https://www.biostars.org/tag/perl/
pfam,106,https://www.biostars.org/tag/pfam/
phage,35,https://www.biostars.org/tag/phage/
phase,26,https://www.biostars.org/tag/phase/
phasing,186,https://www.biostars.org/tag/phasing/
phd,208,https://www.biostars.org/tag/phd/
pheatmap,107,https://www.biostars.org/tag/pheatmap/
phenotype,72,https://www.biostars.org/tag/phenotype/
phg,64,https://www.biostars.org/tag/phg/
php,34,https://www.biostars.org/tag/php/
phred,42,https://www.biostars.org/tag/phred/
phylip,26,https://www.biostars.org/tag/phylip/
phylogenetic,110,https://www.biostars.org/tag/phylogenetic/
phylogenetic tree,63,https://www.biostars.org/tag/phylogenetic%20tree/
phylogenetic-tree,53,https://www.biostars.org/tag/phylogenetic-tree/
phylogenetics,484,https://www.biostars.org/tag/phylogenetics/
phylogenomics,45,https://www.biostars.org/tag/phylogenomics/
phylogeny,442,https://www.biostars.org/tag/phylogeny/
phyloseq,72,https://www.biostars.org/tag/phyloseq/
picard,479,https://www.biostars.org/tag/picard/
pileup,80,https://www.biostars.org/tag/pileup/
pilon,29,https://www.biostars.org/tag/pilon/
pipeline,297,https://www.biostars.org/tag/pipeline/
plant,94,https://www.biostars.org/tag/plant/
plants,49,https://www.biostars.org/tag/plants/
plasmid,65,https://www.biostars.org/tag/plasmid/
plink,1600,https://www.biostars.org/tag/plink/
plink2,65,https://www.biostars.org/tag/plink2/
ploidy,40,https://www.biostars.org/tag/ploidy/
plot,347,https://www.biostars.org/tag/plot/
plotheatmap,27,https://www.biostars.org/tag/plotheatmap/
plots,51,https://www.biostars.org/tag/plots/
plotting,37,https://www.biostars.org/tag/plotting/
popgenome,32,https://www.biostars.org/tag/popgenome/
population,141,https://www.biostars.org/tag/population/
population genetics,70,https://www.biostars.org/tag/population%20genetics/
population-genetics,42,https://www.biostars.org/tag/population-genetics/
populationgenomics,7,https://www.biostars.org/tag/populationgenomics/
position,98,https://www.biostars.org/tag/position/
postdoc,283,https://www.biostars.org/tag/postdoc/
power,30,https://www.biostars.org/tag/power/
ppi,140,https://www.biostars.org/tag/ppi/
prediction,256,https://www.biostars.org/tag/prediction/
preprocessing,52,https://www.biostars.org/tag/preprocessing/
primer,154,https://www.biostars.org/tag/primer/
primer3,30,https://www.biostars.org/tag/primer3/
primers,51,https://www.biostars.org/tag/primers/
probeset,35,https://www.biostars.org/tag/probeset/
programming,243,https://www.biostars.org/tag/programming/
project,57,https://www.biostars.org/tag/project/
prokka,92,https://www.biostars.org/tag/prokka/
promoter,135,https://www.biostars.org/tag/promoter/
protein,1620,https://www.biostars.org/tag/protein/
protein structure,43,https://www.biostars.org/tag/protein%20structure/
protein-structure,74,https://www.biostars.org/tag/protein-structure/
proteins,185,https://www.biostars.org/tag/proteins/
proteome,82,https://www.biostars.org/tag/proteome/
proteomics,474,https://www.biostars.org/tag/proteomics/
prs,89,https://www.biostars.org/tag/prs/
prsice,38,https://www.biostars.org/tag/prsice/
pseudobulk,11,https://www.biostars.org/tag/pseudobulk/
psiblast,32,https://www.biostars.org/tag/psiblast/
pssm,96,https://www.biostars.org/tag/pssm/
publication,57,https://www.biostars.org/tag/publication/
pubmed,173,https://www.biostars.org/tag/pubmed/
pvalue,60,https://www.biostars.org/tag/pvalue/
pwm,43,https://www.biostars.org/tag/pwm/
pymol,130,https://www.biostars.org/tag/pymol/
pysam,168,https://www.biostars.org/tag/pysam/
python,3326,https://www.biostars.org/tag/python/
python3,38,https://www.biostars.org/tag/python3/
qc,291,https://www.biostars.org/tag/qc/
qiime,99,https://www.biostars.org/tag/qiime/
qiime2,57,https://www.biostars.org/tag/qiime2/
qpcr,80,https://www.biostars.org/tag/qpcr/
qtl,53,https://www.biostars.org/tag/qtl/
qualimap,30,https://www.biostars.org/tag/qualimap/
quality,209,https://www.biostars.org/tag/quality/
quality control,50,https://www.biostars.org/tag/quality%20control/
quality-control,47,https://www.biostars.org/tag/quality-control/
qualitycontrol,26,https://www.biostars.org/tag/qualitycontrol/
quantification,64,https://www.biostars.org/tag/quantification/
query,37,https://www.biostars.org/tag/query/
r,12286,https://www.biostars.org/tag/r/
r2,25,https://www.biostars.org/tag/r2/
rad-seq,30,https://www.biostars.org/tag/rad-seq/
ram,28,https://www.biostars.org/tag/ram/
random,46,https://www.biostars.org/tag/random/
raw,6,https://www.biostars.org/tag/raw/
raxml,56,https://www.biostars.org/tag/raxml/
reactome,66,https://www.biostars.org/tag/reactome/
read,218,https://www.biostars.org/tag/read/
read-depth,6,https://www.biostars.org/tag/read-depth/
reads,364,https://www.biostars.org/tag/reads/
recombination,79,https://www.biostars.org/tag/recombination/
reference,346,https://www.biostars.org/tag/reference/
reference genome,44,https://www.biostars.org/tag/reference%20genome/
reference-genome,57,https://www.biostars.org/tag/reference-genome/
refseq,298,https://www.biostars.org/tag/refseq/
regex,63,https://www.biostars.org/tag/regex/
region,30,https://www.biostars.org/tag/region/
regression,111,https://www.biostars.org/tag/regression/
regulation,27,https://www.biostars.org/tag/regulation/
relatedness,31,https://www.biostars.org/tag/relatedness/
repeat,46,https://www.biostars.org/tag/repeat/
repeatmasker,158,https://www.biostars.org/tag/repeatmasker/
repeatmodeler,30,https://www.biostars.org/tag/repeatmodeler/
repeats,121,https://www.biostars.org/tag/repeats/
replicates,85,https://www.biostars.org/tag/replicates/
reproducibility,42,https://www.biostars.org/tag/reproducibility/
research,93,https://www.biostars.org/tag/research/
rest,29,https://www.biostars.org/tag/rest/
results,26,https://www.biostars.org/tag/results/
retrieval,45,https://www.biostars.org/tag/retrieval/
ribo-seq,56,https://www.biostars.org/tag/ribo-seq/
rma,32,https://www.biostars.org/tag/rma/
rmats,54,https://www.biostars.org/tag/rmats/
rna,1024,https://www.biostars.org/tag/rna/
rna-seq,19794,https://www.biostars.org/tag/rna-seq/
rnaseq,1474,https://www.biostars.org/tag/rnaseq/
rnbeads,47,https://www.biostars.org/tag/rnbeads/
roary,29,https://www.biostars.org/tag/roary/
roc,33,https://www.biostars.org/tag/roc/
roh,51,https://www.biostars.org/tag/roh/
rpkm,150,https://www.biostars.org/tag/rpkm/
rrbs,90,https://www.biostars.org/tag/rrbs/
rrna,130,https://www.biostars.org/tag/rrna/
rs,28,https://www.biostars.org/tag/rs/
rsamtools,31,https://www.biostars.org/tag/rsamtools/
rsem,199,https://www.biostars.org/tag/rsem/
rseqc,54,https://www.biostars.org/tag/rseqc/
rsid,85,https://www.biostars.org/tag/rsid/
rstudio,204,https://www.biostars.org/tag/rstudio/
rsubread,43,https://www.biostars.org/tag/rsubread/
salmon,313,https://www.biostars.org/tag/salmon/
sam,758,https://www.biostars.org/tag/sam/
sample,44,https://www.biostars.org/tag/sample/
samples,35,https://www.biostars.org/tag/samples/
samtools,2129,https://www.biostars.org/tag/samtools/
sanger,87,https://www.biostars.org/tag/sanger/
sars-cov-2,41,https://www.biostars.org/tag/sars-cov-2/
scaffold,44,https://www.biostars.org/tag/scaffold/
scaffolding,70,https://www.biostars.org/tag/scaffolding/
scaffolds,28,https://www.biostars.org/tag/scaffolds/
scanpy,118,https://www.biostars.org/tag/scanpy/
scatac-seq,62,https://www.biostars.org/tag/scatac-seq/
sciclone,42,https://www.biostars.org/tag/sciclone/
science,34,https://www.biostars.org/tag/science/
score,70,https://www.biostars.org/tag/score/
scoring,45,https://www.biostars.org/tag/scoring/
script,174,https://www.biostars.org/tag/script/
scripting,43,https://www.biostars.org/tag/scripting/
scrna,250,https://www.biostars.org/tag/scrna/
scrna-seq,825,https://www.biostars.org/tag/scrna-seq/
scrnaseq,376,https://www.biostars.org/tag/scrnaseq/
search,90,https://www.biostars.org/tag/search/
secondary,41,https://www.biostars.org/tag/secondary/
sed,139,https://www.biostars.org/tag/sed/
selection,129,https://www.biostars.org/tag/selection/
seq,133,https://www.biostars.org/tag/seq/
seqio,33,https://www.biostars.org/tag/seqio/
seqkit,38,https://www.biostars.org/tag/seqkit/
sequence,5434,https://www.biostars.org/tag/sequence/
sequence-alignment,30,https://www.biostars.org/tag/sequence-alignment/
sequences,116,https://www.biostars.org/tag/sequences/
sequencing,6421,https://www.biostars.org/tag/sequencing/
server,69,https://www.biostars.org/tag/server/
seurat,1068,https://www.biostars.org/tag/seurat/
shapeit,61,https://www.biostars.org/tag/shapeit/
shell,155,https://www.biostars.org/tag/shell/
shiny,57,https://www.biostars.org/tag/shiny/
short,82,https://www.biostars.org/tag/short/
shotgun,52,https://www.biostars.org/tag/shotgun/
sift,28,https://www.biostars.org/tag/sift/
signac,54,https://www.biostars.org/tag/signac/
similarity,85,https://www.biostars.org/tag/similarity/
simulation,187,https://www.biostars.org/tag/simulation/
single,154,https://www.biostars.org/tag/single/
single cell,100,https://www.biostars.org/tag/single%20cell/
single-cell,692,https://www.biostars.org/tag/single-cell/
single-end,46,https://www.biostars.org/tag/single-end/
singlecell,81,https://www.biostars.org/tag/singlecell/
singlecellexperiment,6,https://www.biostars.org/tag/singlecellexperiment/
singularity,42,https://www.biostars.org/tag/singularity/
skat,27,https://www.biostars.org/tag/skat/
sleuth,66,https://www.biostars.org/tag/sleuth/
slurm,78,https://www.biostars.org/tag/slurm/
small,44,https://www.biostars.org/tag/small/
small rna,28,https://www.biostars.org/tag/small%20rna/
smallrna,41,https://www.biostars.org/tag/smallrna/
snakemake,319,https://www.biostars.org/tag/snakemake/
snp,7370,https://www.biostars.org/tag/snp/
snpeff,258,https://www.biostars.org/tag/snpeff/
snps,426,https://www.biostars.org/tag/snps/
snpsift,59,https://www.biostars.org/tag/snpsift/
snv,122,https://www.biostars.org/tag/snv/
software,499,https://www.biostars.org/tag/software/
software error,2142,https://www.biostars.org/tag/software%20error/
software-development,35,https://www.biostars.org/tag/software-development/
software-error,461,https://www.biostars.org/tag/software-error/
solid,97,https://www.biostars.org/tag/solid/
somatic,144,https://www.biostars.org/tag/somatic/
sort,98,https://www.biostars.org/tag/sort/
sortmerna,31,https://www.biostars.org/tag/sortmerna/
spades,155,https://www.biostars.org/tag/spades/
sparql,24,https://www.biostars.org/tag/sparql/
spatial,51,https://www.biostars.org/tag/spatial/
spatial-transcriptomics,12,https://www.biostars.org/tag/spatial-transcriptomics/
species,53,https://www.biostars.org/tag/species/
spike-in,28,https://www.biostars.org/tag/spike-in/
splicing,237,https://www.biostars.org/tag/splicing/
split,101,https://www.biostars.org/tag/split/
sql,59,https://www.biostars.org/tag/sql/
sra,505,https://www.biostars.org/tag/sra/
sra-toolkit,38,https://www.biostars.org/tag/sra-toolkit/
sratoolkit,82,https://www.biostars.org/tag/sratoolkit/
ssgsea,31,https://www.biostars.org/tag/ssgsea/
stacks,52,https://www.biostars.org/tag/stacks/
star,763,https://www.biostars.org/tag/star/
starsolo,41,https://www.biostars.org/tag/starsolo/
statistics,933,https://www.biostars.org/tag/statistics/
stats,49,https://www.biostars.org/tag/stats/
str,27,https://www.biostars.org/tag/str/
strand,138,https://www.biostars.org/tag/strand/
string,92,https://www.biostars.org/tag/string/
stringtie,265,https://www.biostars.org/tag/stringtie/
structural,100,https://www.biostars.org/tag/structural/
structural variants,29,https://www.biostars.org/tag/structural%20variants/
structural-bioinformatics,37,https://www.biostars.org/tag/structural-bioinformatics/
structure,294,https://www.biostars.org/tag/structure/
subjective,71,https://www.biostars.org/tag/subjective/
subread,43,https://www.biostars.org/tag/subread/
subset,42,https://www.biostars.org/tag/subset/
survival,137,https://www.biostars.org/tag/survival/
survival analysis,42,https://www.biostars.org/tag/survival%20analysis/
sv,170,https://www.biostars.org/tag/sv/
sva,109,https://www.biostars.org/tag/sva/
svm,37,https://www.biostars.org/tag/svm/
systems-biology,81,https://www.biostars.org/tag/systems-biology/
t-test,35,https://www.biostars.org/tag/t-test/
t2t,6,https://www.biostars.org/tag/t2t/
tabix,124,https://www.biostars.org/tag/tabix/
target,81,https://www.biostars.org/tag/target/
tassel,29,https://www.biostars.org/tag/tassel/
taxonomy,299,https://www.biostars.org/tag/taxonomy/
tblastn,35,https://www.biostars.org/tag/tblastn/
tcga,1058,https://www.biostars.org/tag/tcga/
tcr,51,https://www.biostars.org/tag/tcr/
terminal,58,https://www.biostars.org/tag/terminal/
test,80,https://www.biostars.org/tag/test/
text,50,https://www.biostars.org/tag/text/
tf,59,https://www.biostars.org/tag/tf/
tfbs,72,https://www.biostars.org/tag/tfbs/
threshold,26,https://www.biostars.org/tag/threshold/
tidyverse,30,https://www.biostars.org/tag/tidyverse/
time-course,36,https://www.biostars.org/tag/time-course/
time-series,78,https://www.biostars.org/tag/time-series/
tmm,51,https://www.biostars.org/tag/tmm/
to,31,https://www.biostars.org/tag/to/
tool,65,https://www.biostars.org/tag/tool/
tophat,443,https://www.biostars.org/tag/tophat/
tophat2,137,https://www.biostars.org/tag/tophat2/
tpm,206,https://www.biostars.org/tag/tpm/
training,142,https://www.biostars.org/tag/training/
transcript,214,https://www.biostars.org/tag/transcript/
transcription,175,https://www.biostars.org/tag/transcription/
transcription factor,52,https://www.biostars.org/tag/transcription%20factor/
transcription factors,27,https://www.biostars.org/tag/transcription%20factors/
transcription-factor,58,https://www.biostars.org/tag/transcription-factor/
transcriptome,520,https://www.biostars.org/tag/transcriptome/
transcriptomic,8,https://www.biostars.org/tag/transcriptomic/
transcriptomics,308,https://www.biostars.org/tag/transcriptomics/
transcripts,77,https://www.biostars.org/tag/transcripts/
translation,94,https://www.biostars.org/tag/translation/
transposons,35,https://www.biostars.org/tag/transposons/
tree,293,https://www.biostars.org/tag/tree/
trees,26,https://www.biostars.org/tag/trees/
trim,51,https://www.biostars.org/tag/trim/
trimming,283,https://www.biostars.org/tag/trimming/
trimmomatic,270,https://www.biostars.org/tag/trimmomatic/
trinity,322,https://www.biostars.org/tag/trinity/
trio,31,https://www.biostars.org/tag/trio/
trna,27,https://www.biostars.org/tag/trna/
tss,74,https://www.biostars.org/tag/tss/
tumor,79,https://www.biostars.org/tag/tumor/
ubuntu,200,https://www.biostars.org/tag/ubuntu/
uconn,8,https://www.biostars.org/tag/uconn/
ucsc,635,https://www.biostars.org/tag/ucsc/
umap,60,https://www.biostars.org/tag/umap/
umi,119,https://www.biostars.org/tag/umi/
unicycler,6,https://www.biostars.org/tag/unicycler/
uniprot,366,https://www.biostars.org/tag/uniprot/
unix,261,https://www.biostars.org/tag/unix/
unmapped,27,https://www.biostars.org/tag/unmapped/
update,27,https://www.biostars.org/tag/update/
utr,81,https://www.biostars.org/tag/utr/
vaf,31,https://www.biostars.org/tag/vaf/
validation,56,https://www.biostars.org/tag/validation/
variant,599,https://www.biostars.org/tag/variant/
variant calling,244,https://www.biostars.org/tag/variant%20calling/
variant-annotation,39,https://www.biostars.org/tag/variant-annotation/
variant-calling,319,https://www.biostars.org/tag/variant-calling/
variants,359,https://www.biostars.org/tag/variants/
variation,103,https://www.biostars.org/tag/variation/
varscan,146,https://www.biostars.org/tag/varscan/
varscan2,46,https://www.biostars.org/tag/varscan2/
vcf,3720,https://www.biostars.org/tag/vcf/
vcf2maf,28,https://www.biostars.org/tag/vcf2maf/
vcftools,524,https://www.biostars.org/tag/vcftools/
velvet,120,https://www.biostars.org/tag/velvet/
venn,44,https://www.biostars.org/tag/venn/
vep,341,https://www.biostars.org/tag/vep/
vgteam,29,https://www.biostars.org/tag/vgteam/
viewer,33,https://www.biostars.org/tag/viewer/
virus,127,https://www.biostars.org/tag/virus/
visium,34,https://www.biostars.org/tag/visium/
visualisation,64,https://www.biostars.org/tag/visualisation/
visualization,575,https://www.biostars.org/tag/visualization/
volcano,33,https://www.biostars.org/tag/volcano/
volcano plot,27,https://www.biostars.org/tag/volcano%20plot/
voom,76,https://www.biostars.org/tag/voom/
vst,32,https://www.biostars.org/tag/vst/
web,72,https://www.biostars.org/tag/web/
webservice,30,https://www.biostars.org/tag/webservice/
wes,355,https://www.biostars.org/tag/wes/
wgbs,105,https://www.biostars.org/tag/wgbs/
wgcna,556,https://www.biostars.org/tag/wgcna/
wgs,798,https://www.biostars.org/tag/wgs/
whole genome,30,https://www.biostars.org/tag/whole%20genome/
whole-genome,28,https://www.biostars.org/tag/whole-genome/
wig,40,https://www.biostars.org/tag/wig/
wiggle,64,https://www.biostars.org/tag/wiggle/
windows,103,https://www.biostars.org/tag/windows/
workflow,121,https://www.biostars.org/tag/workflow/
workshop,154,https://www.biostars.org/tag/workshop/
xenium,6,https://www.biostars.org/tag/xenium/
xml,164,https://www.biostars.org/tag/xml/
yeast,50,https://www.biostars.org/tag/yeast/
z-score,38,https://www.biostars.org/tag/z-score/
